"","ID","year","plot","fppt","gppt","AGHE","ASGA","BRMO","CAMU","ESCA","HELU","LACA","LAPL","LOMU","LOSU","MIDO","ORDE","PLER","STPU","THSP","TRSP","VUMI","tcover"
"1","c_1_block1_bottom_1983","1983","c_1_block1_bottom",461.922003746033,1476.78525066376,0.25,0.75,1.5,12.5,1.5,0,32.5,1.5,0,1.25,3.75,1.25,48.75,0,0,0,2.75,133.25
"2","c_1_block1_top_1983","1983","c_1_block1_top",461.922003746033,1476.78525066376,0.25,0,4.75,6.25,0,0,23.75,0,0,0,0,1.25,11.25,2.5,0,0,3.25,109
"3","c_1_block2_bottom_1983","1983","c_1_block2_bottom",461.922003746033,1476.78525066376,0.25,0,1.5,2.5,2.75,0,33.75,0.25,0,0.75,1,2,33.75,0,0,0,2.75,91.5
"4","c_1_block2_top_1983","1983","c_1_block2_top",461.922003746033,1476.78525066376,0.5,0,2.5,4.25,1.75,0,35,1.25,0,0.75,0.5,2.75,25,0,0,0,13,99
"5","c_2_block1_bottom_1983","1983","c_2_block1_bottom",461.922003746033,1476.78525066376,0,0,1.75,6,1,0,25,0.5,0,0.5,1.75,5,42.5,0,0,0,2.75,125.75
"6","c_2_block1_top_1983","1983","c_2_block1_top",461.922003746033,1476.78525066376,0.25,0,16.75,6.5,1.5,0,30,3,0,0.75,1.75,6.75,26.25,0,0,0,8,125
"7","c_2_block2_bottom_1983","1983","c_2_block2_bottom",461.922003746033,1476.78525066376,1,0,0.25,15,0.25,1.25,52.5,0.5,0,1,2.25,2.25,13.75,0,0,0,2,133.25
"8","c_2_block2_top_1983","1983","c_2_block2_top",461.922003746033,1476.78525066376,0.5,0,2.5,18.75,0.25,0.25,52.5,3,0,1.25,1,4.75,11.25,0,0,0,6.75,131.75
"9","c_3_block1_bottom_1983","1983","c_3_block1_bottom",461.922003746033,1476.78525066376,0,0.25,4.25,6.25,0,0,7.5,0.25,0,2,1.5,3.25,20,0,0,0,2,111.75
"10","c_3_block1_top_1983","1983","c_3_block1_top",461.922003746033,1476.78525066376,0.25,0,10,11.75,0,0,23.75,0,0,2.25,1.5,2.25,31.25,0,0,0,4.75,113.75
"11","c_3_block2_bottom_1983","1983","c_3_block2_bottom",461.922003746033,1476.78525066376,2.25,0,2,8.75,0,0.25,47.5,0.5,0,1,1.75,2.75,25,0.25,0,0,2.75,119.25
"12","c_3_block2_top_1983","1983","c_3_block2_top",461.922003746033,1476.78525066376,0.75,0.5,2.75,23.75,0.25,0,17.5,1.25,0,1.25,0.75,4.75,38.75,0,0,0.25,2,123.25
"13","c_1_block1_bottom_1984","1984","c_1_block1_bottom",525.576747655869,676.69624876976,0.25,0,1.25,13.75,0,0.5,12.75,0,0,0.75,1.75,1.5,5.5,0,0,0.25,0.75,105.5
"14","c_1_block1_top_1984","1984","c_1_block1_top",525.576747655869,676.69624876976,0,0.5,4.25,5.5,0,0,43.75,0,0,0.75,0.5,0.5,9.25,0,0,0.25,2,101.25
"15","c_1_block2_bottom_1984","1984","c_1_block2_bottom",525.576747655869,676.69624876976,0.25,0,10,5.25,6.5,0.25,38.75,0,0,0.75,2.5,3.5,8,0,0,0,5,106.5
"16","c_1_block2_top_1984","1984","c_1_block2_top",525.576747655869,676.69624876976,0,0,2.75,13.75,2.5,1,37.5,0,0,0,1.5,1.75,12.5,0,0,0,2,101
"17","c_2_block1_bottom_1984","1984","c_2_block1_bottom",525.576747655869,676.69624876976,0,0,2.75,5.5,0.75,0.25,18.75,0,0,0,1.75,1.75,15,0.25,0,0,1.5,113.5
"18","c_2_block1_top_1984","1984","c_2_block1_top",525.576747655869,676.69624876976,0,0,10,5.5,1.25,0,25,0.75,0,0.25,5,5.75,30,0,0,0,1,126.5
"19","c_2_block2_bottom_1984","1984","c_2_block2_bottom",525.576747655869,676.69624876976,0.75,0,0,10,0.25,3,36.25,0.25,0,0.25,2.25,6.75,16.25,0,0,0,0.5,129
"20","c_2_block2_top_1984","1984","c_2_block2_top",525.576747655869,676.69624876976,0.25,0,4.75,11.25,0,0,36.25,0.75,0,0.25,1,7.25,21.25,0,0,0,1,119.25
"21","c_3_block1_bottom_1984","1984","c_3_block1_bottom",525.576747655869,676.69624876976,3.5,1,8.75,17.5,0,1,15,1,0,0.5,1,3.5,20,0,0,0,9.75,130.25
"22","c_3_block1_top_1984","1984","c_3_block1_top",525.576747655869,676.69624876976,1,0.25,42.5,17.5,0,0,17.5,0,0,2.5,3.25,2.75,22.5,2.5,0,1.25,5.5,131.75
"23","c_3_block2_bottom_1984","1984","c_3_block2_bottom",525.576747655869,676.69624876976,5.5,0.25,2.75,12.5,0,0,37.5,3,0,0.25,2.25,3.25,30,0,0,0,2,130.5
"24","c_3_block2_top_1984","1984","c_3_block2_top",525.576747655869,676.69624876976,2.25,0,25.5,37.5,1.75,0,18.75,1,0,0.75,0.5,2.5,26.25,0,0,1.25,3.5,143
"25","c_1_block1_bottom_1985","1985","c_1_block1_bottom",376.966998964548,627.110498458147,0.5,1,1,15,0.25,0,22.5,0,0,2.5,0.5,1.25,12.5,0,0,0,2.75,97.75
"26","c_1_block1_top_1985","1985","c_1_block1_top",376.966998964548,627.110498458147,0,0.5,18.5,3.5,0.25,0,8,0,0,2,0,1.25,41.25,0,0,0.5,1,102
"27","c_1_block2_bottom_1985","1985","c_1_block2_bottom",376.966998964548,627.110498458147,0,0.5,25,1.5,0,0,21.25,0,0,1.25,0,1.25,7.5,0,0,0,2.75,103.5
"28","c_1_block2_top_1985","1985","c_1_block2_top",376.966998964548,627.110498458147,0.25,0.5,8.5,6.75,0.25,0.75,12.5,0,0,0.5,0.5,0,20,0,0,0.25,2.25,87.5
"29","c_2_block1_bottom_1985","1985","c_2_block1_bottom",376.966998964548,627.110498458147,0.25,2.25,2.5,3,2.5,0,15,0,0,0.75,0,0.75,27.5,2.5,0,0.5,1.75,100.75
"30","c_2_block1_top_1985","1985","c_2_block1_top",376.966998964548,627.110498458147,0,0.5,8.5,5.5,0,0,17.5,0,0,0.25,1,1.5,45,1.25,0,0,1.5,105.75
"31","c_2_block2_bottom_1985","1985","c_2_block2_bottom",376.966998964548,627.110498458147,0.75,0.25,1,8.75,0,0.5,30,0,0,0.5,0.5,3.5,30,0,0,0,0.25,104.25
"32","c_2_block2_top_1985","1985","c_2_block2_top",376.966998964548,627.110498458147,0.5,1.25,3.5,13.75,0,0,17.5,1.25,0,1,0.25,1.25,30,0,0,0,0.25,102.25
"33","c_3_block1_bottom_1985","1985","c_3_block1_bottom",376.966998964548,627.110498458147,0.75,0.75,30,6,0,0,13.75,0.5,0,2,0,0,25,0,0,1.25,1.5,107.5
"34","c_3_block1_top_1985","1985","c_3_block1_top",376.966998964548,627.110498458147,0.25,0.5,50,3.25,0,0,10.5,0,0,3.75,0,1,17.5,0,0,0,1,105.75
"35","c_3_block2_bottom_1985","1985","c_3_block2_bottom",376.966998964548,627.110498458147,1.25,0.25,4.75,3.5,0,0,37.5,0.25,0,0.75,1.5,0.75,11.25,0,0,0,0.5,101.5
"36","c_3_block2_top_1985","1985","c_3_block2_top",376.966998964548,627.110498458147,0.5,0,20,3.5,0.25,0,11,0,0,1.75,0.25,0.75,8,0,0,0,1.5,102
"37","c_1_block1_bottom_1986","1986","c_1_block1_bottom",236.380499005318,941.163742184639,2.75,0,2.25,3.75,0.5,0,20,0,0,5.5,1,1,11.25,0,0,0,1.5,104.25
"38","c_1_block1_top_1986","1986","c_1_block1_top",236.380499005318,941.163742184639,0,0,10.75,9.25,0,0,2.75,0,0,4.5,0,0,22.5,1.5,0,0,1,101.75
"39","c_1_block2_bottom_1986","1986","c_1_block2_bottom",236.380499005318,941.163742184639,1.75,0,21.25,3.5,0.25,0,7.5,0,0,2.5,0,0,6,0,0,0,0.5,107
"40","c_1_block2_top_1986","1986","c_1_block2_top",236.380499005318,941.163742184639,0.5,0.25,23,4.25,1.25,0,12.5,0,0,2,1,0.75,32.5,1.25,0,0,1.75,105.75
"41","c_2_block1_bottom_1986","1986","c_2_block1_bottom",236.380499005318,941.163742184639,1,0.25,5.5,10.5,0,0,25,0,0,2,1,2.25,25,3.75,0,0,0.5,120.5
"42","c_2_block1_top_1986","1986","c_2_block1_top",236.380499005318,941.163742184639,0.75,0,8.5,7.5,0,0,12.5,0,0,1.25,0.5,2.5,32.5,0,0,0,0.5,96.25
"43","c_2_block2_bottom_1986","1986","c_2_block2_bottom",236.380499005318,941.163742184639,1.5,0,0,8.75,0.25,1,30,0,0,0.75,0.25,4,27.5,0,0,0,0.5,102
"44","c_2_block2_top_1986","1986","c_2_block2_top",236.380499005318,941.163742184639,1.25,0,7.25,13,0,0,16.25,0.25,0,2,4,1,20,0,0,0,0.25,113.75
"45","c_3_block1_bottom_1986","1986","c_3_block1_bottom",236.380499005318,941.163742184639,1,0.25,23.75,12.5,0,0,5.5,0,0,4.25,1.25,0.5,30,0,0,0,0,100.25
"46","c_3_block1_top_1986","1986","c_3_block1_top",236.380499005318,941.163742184639,0.75,0.5,37.5,10,0,0,2.5,0,0,12.5,1,0.5,23.75,0,0,0,0.75,107.75
"47","c_3_block2_bottom_1986","1986","c_3_block2_bottom",236.380499005318,941.163742184639,0.75,0.75,8,16.25,0,0.25,25,0.25,0,1.75,1.25,0.75,27.5,0,0,0,0.5,113.75
"48","c_3_block2_top_1986","1986","c_3_block2_top",236.380499005318,941.163742184639,2.25,1.25,37.5,8.75,0,0,4.5,0.25,0,7.5,1.75,0.25,15,0,0,0,1.5,112.5
"49","c_1_block1_bottom_1987","1987","c_1_block1_bottom",93.1342490315437,444.227749168873,0.25,0.5,0.75,6.75,1.75,0,17.5,0,0,3.5,0.5,1,18.75,0,0,0,0.5,88
"50","c_1_block1_top_1987","1987","c_1_block1_top",93.1342490315437,444.227749168873,1,0,5.5,12.5,0,0,4.25,0,0,5,0,0,27.5,0,0,0,1,85.5
"51","c_1_block2_bottom_1987","1987","c_1_block2_bottom",93.1342490315437,444.227749168873,1.5,0,6.75,8.75,0.5,0,20,0,0,2.25,1,0.25,22.5,0,0,0,0.25,101
"52","c_1_block2_top_1987","1987","c_1_block2_top",93.1342490315437,444.227749168873,0.25,0.75,3,8,0,0,4.25,0,0,2.75,2.25,0.75,28.75,0,0,0,1.5,81.25
"53","c_2_block1_bottom_1987","1987","c_2_block1_bottom",93.1342490315437,444.227749168873,1,0.5,1.75,12.5,0.25,0,25,0,0,2,1,3.5,25,2.5,0,0,0,102
"54","c_2_block1_top_1987","1987","c_2_block1_top",93.1342490315437,444.227749168873,0,0,2.25,10,0,0,11.25,0.25,0,1.75,1.25,2,37.5,0,0,0,1.25,94
"55","c_2_block2_bottom_1987","1987","c_2_block2_bottom",93.1342490315437,444.227749168873,0.75,0,0.25,13.75,0.25,1.75,37.5,0,0,0.25,0.25,1.5,27.5,0.25,0,0,0.75,100.5
"56","c_2_block2_top_1987","1987","c_2_block2_top",93.1342490315437,444.227749168873,0.75,0.75,2.5,11.25,0,0.5,22.5,0.5,0,1,3.5,1.5,30,0,0,0,0.5,99.75
"57","c_3_block1_bottom_1987","1987","c_3_block1_bottom",93.1342490315437,444.227749168873,0.5,0,4.75,22.5,0,0,6.75,0,0,2,1,0.5,32.5,0,0,0,1.25,89.5
"58","c_3_block1_top_1987","1987","c_3_block1_top",93.1342490315437,444.227749168873,0.75,0,7.25,13.75,0,0,2,0,0,4,2.25,0.5,40,0,0,0,1.5,96.5
"59","c_3_block2_bottom_1987","1987","c_3_block2_bottom",93.1342490315437,444.227749168873,2,0,2,20,0,0.25,35,0,0,1,1.5,2,25,0,0,0,1.75,107
"60","c_3_block2_top_1987","1987","c_3_block2_top",93.1342490315437,444.227749168873,0.75,0.25,10,27.5,0,0,3.5,0.25,0,7.5,1.5,0,25,0,0,0,0,102
"61","c_1_block1_bottom_1988","1988","c_1_block1_bottom",255.772754192352,450.179003834724,0,0,0,4.25,0.75,0,2.75,0,0,2.75,1.75,0.25,65,1.25,0,0,0,108.25
"62","c_1_block1_top_1988","1988","c_1_block1_top",255.772754192352,450.179003834724,0,0,1,6.25,0,0,2,0,0,1.5,0.75,0,42.5,0.5,0,0,0.25,98.5
"63","c_1_block2_bottom_1988","1988","c_1_block2_bottom",255.772754192352,450.179003834724,1,0,0,11.25,0,0,1.5,0,0,0.75,1.5,0,70,0,0,0.25,0,109
"64","c_1_block2_top_1988","1988","c_1_block2_top",255.772754192352,450.179003834724,0.5,0.25,0.25,16.25,0,0,2,0,0,3,4,0,50,0,0,0,0.5,99.75
"65","c_2_block1_bottom_1988","1988","c_2_block1_bottom",255.772754192352,450.179003834724,0.75,0,0,4.25,0,0,2.75,0,0,0.25,1,1,70,0,0,0,0,98.5
"66","c_2_block1_top_1988","1988","c_2_block1_top",255.772754192352,450.179003834724,0,0,0,10,0,0,1.75,0.5,0,1,0.5,1.5,72.5,0,0,0,0,102.25
"67","c_2_block2_bottom_1988","1988","c_2_block2_bottom",255.772754192352,450.179003834724,2,0,0,10,0,1,6,0,0,0,0.5,0.75,50,0,0,0,0,100
"68","c_2_block2_top_1988","1988","c_2_block2_top",255.772754192352,450.179003834724,0,0,0,11.25,0,0,2,0.5,0,0.75,1.5,0.25,72.5,2.5,0,0,0,108.25
"69","c_3_block1_bottom_1988","1988","c_3_block1_bottom",255.772754192352,450.179003834724,0.25,0,0.5,8.75,0,0,2,0,0,2,0.75,0.75,77.5,0,0,0,0,107
"70","c_3_block1_top_1988","1988","c_3_block1_top",255.772754192352,450.179003834724,0.25,0,0.75,10,0,0,1,0,0,2.75,1,0,32.5,0,0,0,0.5,98
"71","c_3_block2_bottom_1988","1988","c_3_block2_bottom",255.772754192352,450.179003834724,0.25,0,0,10,0,0,4.75,0,0,1.5,1.25,0.5,55,0,0,0,0.25,100.5
"72","c_3_block2_top_1988","1988","c_3_block2_top",255.772754192352,450.179003834724,0.5,0,1.5,17.5,0,0,4.25,0.25,0,4.25,2,0,37.5,0,0,0,0.5,104.5
"73","c_1_block1_bottom_1989","1989","c_1_block1_bottom",217.518251338974,481.852501789108,0,0.5,0,5,0.75,0,2.75,0,0,2.75,3.5,0.75,35,1.25,0,0,0.5,101.75
"74","c_1_block1_top_1989","1989","c_1_block1_top",217.518251338974,481.852501789108,0.25,2.5,0,16.25,0.25,0,2.75,0,0,5,0.25,0,52.5,0,0,0.25,0.25,105
"75","c_1_block2_bottom_1989","1989","c_1_block2_bottom",217.518251338974,481.852501789108,0.5,0,0,5,0,0,3.5,0,0,4.5,1.5,0.25,50,0.25,0,0,0.5,100
"76","c_1_block2_top_1989","1989","c_1_block2_top",217.518251338974,481.852501789108,0,0.75,0,15,0,0,2,0,0,6,1.25,0.5,42.5,0,0,0,0.5,102.5
"77","c_2_block1_bottom_1989","1989","c_2_block1_bottom",217.518251338974,481.852501789108,1.5,0.75,0,12.5,0,0,7.5,0,0,2,1.5,5.5,62.5,0.5,0,0,0.25,114.25
"78","c_2_block1_top_1989","1989","c_2_block1_top",217.518251338974,481.852501789108,0.25,0,0,15,0,0.25,4,0.25,0,1.75,0.75,3.5,60,0.25,0,0,0.25,103
"79","c_2_block2_bottom_1989","1989","c_2_block2_bottom",217.518251338974,481.852501789108,1.75,0.75,0,25,0,1,10,0,0,1,2.75,2.25,42.5,0,0,0,2.25,113.25
"80","c_2_block2_top_1989","1989","c_2_block2_top",217.518251338974,481.852501789108,0.5,1,0,30,0,0,2.75,0.5,0,2,2.75,2,45,0,0,0,1,104.75
"81","c_3_block1_bottom_1989","1989","c_3_block1_bottom",217.518251338974,481.852501789108,1,0.25,0.5,17.5,0,0,3.5,0,0,2.25,1,0.5,60,0,0,0,0.25,108.25
"82","c_3_block1_top_1989","1989","c_3_block1_top",217.518251338974,481.852501789108,1,1.25,0.25,20,0,0,2.75,0,0,25,1,1.25,40,0.5,0,0,1.25,112.5
"83","c_3_block2_bottom_1989","1989","c_3_block2_bottom",217.518251338974,481.852501789108,0,0.5,0,27.5,0,0,7.5,0,0,1.75,1,2,42.5,0,0,0,0.5,107.25
"84","c_3_block2_top_1989","1989","c_3_block2_top",217.518251338974,481.852501789108,0.5,0,0.25,25,0,0,8,0.25,0,8.5,0,1.5,50,0,0,0.25,0.5,122.25
"85","c_1_block1_bottom_1990","1990","c_1_block1_bottom",121.883249649778,369.575249800459,0,0,0,3,0.5,0,1,0,0,2,7.5,0,17.5,2.5,0,0,0,101.5
"86","c_1_block1_top_1990","1990","c_1_block1_top",121.883249649778,369.575249800459,0.25,0,0,13.75,0.25,0,2,0,0,1.5,1.5,0,40,0,0,0,0.5,86.25
"87","c_1_block2_bottom_1990","1990","c_1_block2_bottom",121.883249649778,369.575249800459,0,0.5,0,4.25,0,0,1.5,0,0,1.75,3,0,45,0,0,0,0,101.75
"88","c_1_block2_top_1990","1990","c_1_block2_top",121.883249649778,369.575249800459,0.25,1.25,0,18,1.25,0,0.25,0,0,4.25,2.5,0,32.5,1.25,0,0,0,98
"89","c_2_block1_bottom_1990","1990","c_2_block1_bottom",121.883249649778,369.575249800459,1,0,0,13.75,0,0,2,0,0,1,4,2,60,0,0,0,0.25,101.75
"90","c_2_block1_top_1990","1990","c_2_block1_top",121.883249649778,369.575249800459,0.5,1.25,0,11.25,0,0.25,3.75,0.5,0,1.5,3.5,1.75,57.5,0,0,0,0.25,105
"91","c_2_block2_bottom_1990","1990","c_2_block2_bottom",121.883249649778,369.575249800459,1.5,0.25,0,20,0,0.25,7.25,0,0,0.75,1.75,1.5,45,0.25,0,0,0,101.75
"92","c_2_block2_top_1990","1990","c_2_block2_top",121.883249649778,369.575249800459,0.75,0,0,13,0,0.25,1,0.5,0,1.75,3,0.75,35,0,0,0,1.5,104.75
"93","c_3_block1_bottom_1990","1990","c_3_block1_bottom",121.883249649778,369.575249800459,0,0,0.5,13.75,0,0,3.5,0,0,2.25,1,1.5,72.5,0,0,0,0.25,108
"94","c_3_block1_top_1990","1990","c_3_block1_top",121.883249649778,369.575249800459,0,0,0,12.5,0,0,2,0.25,0,10,1,1.25,72.5,0.5,0,0,0.5,110.75
"95","c_3_block2_bottom_1990","1990","c_3_block2_bottom",121.883249649778,369.575249800459,0,0,0,15,0,0,7.5,0,0,2,0.5,1,50,0,0,0,0,101
"96","c_3_block2_top_1990","1990","c_3_block2_top",121.883249649778,369.575249800459,0.25,0,0.25,10.5,0,0,2.75,0,0,10,0,0.5,52.5,0,0,0,0.75,98.25
"97","c_1_block1_bottom_1991","1991","c_1_block1_bottom",87.6944997906685,499.573503315449,0,0,0,5.5,11.25,0,0,0,0,1.5,7.5,0,3.75,0,0,0,0,72
"98","c_1_block1_top_1991","1991","c_1_block1_top",87.6944997906685,499.573503315449,0,1,0,16.25,0,0.25,4,0,0,1.5,5,0,11.25,0.25,0,0,0,84.25
"99","c_1_block2_bottom_1991","1991","c_1_block2_bottom",87.6944997906685,499.573503315449,1.75,0.25,0,8.75,1.75,0,1,0.25,0,1,13,0,17.5,0,0,0,0,99
"100","c_1_block2_top_1991","1991","c_1_block2_top",87.6944997906685,499.573503315449,0.75,0,0,7.25,1.5,0.25,1,0,0,1.25,5,0,12.5,1.25,0,0,0,83.75
"101","c_2_block1_bottom_1991","1991","c_2_block1_bottom",87.6944997906685,499.573503315449,2,0,0,15.5,0,0,3.5,0,0,1.5,18.75,0.5,22.5,0,0,0,0,96.75
"102","c_2_block1_top_1991","1991","c_2_block1_top",87.6944997906685,499.573503315449,1.75,0,0,16.25,0,1.25,6.5,0,0,1,12.5,0,35,0,0,0,0,106.75
"103","c_2_block2_bottom_1991","1991","c_2_block2_bottom",87.6944997906685,499.573503315449,2,0.5,0,13,0,0.5,6,0.25,0,1,18.75,0,25,0,0,0,1.5,102
"104","c_2_block2_top_1991","1991","c_2_block2_top",87.6944997906685,499.573503315449,0.25,0.25,0,17.5,0,0,3.5,0.5,0,0.5,22.5,0.25,23,0.5,0,0,1,107.5
"105","c_3_block1_bottom_1991","1991","c_3_block1_bottom",87.6944997906685,499.573503315449,0.5,0,0,22.5,0,0.25,1.25,0,0,2.75,1.25,0,30,0.5,0,0,0,101.75
"106","c_3_block1_top_1991","1991","c_3_block1_top",87.6944997906685,499.573503315449,0.5,1.5,0,16.25,0,0,0.5,0,0,17.5,1.25,0,35,2.5,0,0,0,100.5
"107","c_3_block2_bottom_1991","1991","c_3_block2_bottom",87.6944997906685,499.573503315449,0.25,0.25,0,10,0,0,4.25,0,0,2.25,0,0,17.5,0,0,0,0,96.75
"108","c_3_block2_top_1991","1991","c_3_block2_top",87.6944997906685,499.573503315449,0,0.25,0,8,0,0,1,0,0,5.5,0,0,4.75,0,0,0,0,102.25
"109","c_1_block1_bottom_1992","1992","c_1_block1_bottom",207.89824924618,678.703494884074,0.25,1,0,0.25,5,0,5.5,0,0,3.5,23.75,0.75,8.75,6.25,0,0.25,0,80.5
"110","c_1_block1_top_1992","1992","c_1_block1_top",207.89824924618,678.703494884074,0.25,0.5,0,1.75,0,0,31.25,0,0,0.25,22.5,0,8.75,0,0,0,1.5,82.25
"111","c_1_block2_bottom_1992","1992","c_1_block2_bottom",207.89824924618,678.703494884074,0.5,0.25,0,1.25,3,0,7.5,0.25,0,1.5,20,0.5,22.5,1.25,0,0,0.5,84.25
"112","c_1_block2_top_1992","1992","c_1_block2_top",207.89824924618,678.703494884074,1,0,0,0.75,1.25,0,3.5,0.25,0,1.5,62.5,1,6.25,0,0,0,0.5,103.5
"113","c_2_block1_bottom_1992","1992","c_2_block1_bottom",207.89824924618,678.703494884074,0.25,0,0,2,0,0,13.75,0,0,1.75,40,1.75,17.5,0,0,0,0.5,98.25
"114","c_2_block1_top_1992","1992","c_2_block1_top",207.89824924618,678.703494884074,0.5,0.75,0,1,0,0,12.5,1.5,0,1.5,35,2.25,27.5,0,0,0,0,100.75
"115","c_2_block2_bottom_1992","1992","c_2_block2_bottom",207.89824924618,678.703494884074,0.25,0.75,0,2.75,0,0,17.5,0,0,0.75,32.5,2,17.5,0,0,0,0.5,97.25
"116","c_2_block2_top_1992","1992","c_2_block2_top",207.89824924618,678.703494884074,0.5,0.25,0,2,0,0,4.75,0.5,0,2.5,40,1.75,16.25,0.5,0,0,2.5,101.75
"117","c_3_block1_bottom_1992","1992","c_3_block1_bottom",207.89824924618,678.703494884074,1,0,0,17.5,0,0,11.25,0,0,4.75,0.5,0,55,0,0,0.25,1.25,113
"118","c_3_block1_top_1992","1992","c_3_block1_top",207.89824924618,678.703494884074,0.5,0.25,0,10,0,0,6,0.25,0,6.25,2.25,0,23,0,0,0,1.5,107
"119","c_3_block2_bottom_1992","1992","c_3_block2_bottom",207.89824924618,678.703494884074,0.5,0.25,0,8.75,0,0.25,17.5,0,0,2.25,3.5,0,22.5,0,0,0,3.5,111.25
"120","c_3_block2_top_1992","1992","c_3_block2_top",207.89824924618,678.703494884074,0,0.25,0,7.5,0,0,8.75,0,0,7.5,11.25,0.25,16.25,0,0,3,3,104.25
"121","c_1_block1_bottom_1993","1993","c_1_block1_bottom",289.270996368956,884.903248585295,0.5,0,0,0,3,0,3,0,0,2.75,47.5,0.5,2.75,5,0,1.75,0.75,99
"122","c_1_block1_top_1993","1993","c_1_block1_top",289.270996368956,884.903248585295,0,0,0,0,0,0,20,0,0,1,52.5,1.25,2,0,0,0,2.5,98.5
"123","c_1_block2_bottom_1993","1993","c_1_block2_bottom",289.270996368956,884.903248585295,0.5,0.25,0,1,2.25,0,6.25,0,0,2.25,55,0.75,11,0,0,0,1.75,101.25
"124","c_1_block2_top_1993","1993","c_1_block2_top",289.270996368956,884.903248585295,0.25,0.25,0,0,0.5,0,1.5,0,0,1.25,70,1.5,2,2.5,0,0,1,99.5
"125","c_2_block1_bottom_1993","1993","c_2_block1_bottom",289.270996368956,884.903248585295,0,0,0,1.75,0,0,4.75,0,0,1,67.5,6.25,2,0,0,0,1,103.5
"126","c_2_block1_top_1993","1993","c_2_block1_top",289.270996368956,884.903248585295,0.25,0,0,1,0,0,3.5,0.75,0,1,77.5,2,2,0,0,0,0.5,104.75
"127","c_2_block2_bottom_1993","1993","c_2_block2_bottom",289.270996368956,884.903248585295,1,0,0,1.5,0,0.25,17.5,0.25,0,0,60,4.25,2,0,0,0,0,103
"128","c_2_block2_top_1993","1993","c_2_block2_top",289.270996368956,884.903248585295,0.25,0,0,1,0,0,2.75,1,0,1.5,72.5,2,2,3.75,0,0,2.75,110.5
"129","c_3_block1_bottom_1993","1993","c_3_block1_bottom",289.270996368956,884.903248585295,0.5,0.5,0,8.75,0,0,27.5,0,0,4,6.25,1.75,35,0,0,0.25,12.5,111
"130","c_3_block1_top_1993","1993","c_3_block1_top",289.270996368956,884.903248585295,1.5,1,0,3,0,0,25,2.75,0,11.25,18.75,2.5,17.5,2.5,0,0,2.25,121
"131","c_3_block2_bottom_1993","1993","c_3_block2_bottom",289.270996368956,884.903248585295,1.75,0.75,0,4.75,0,0,30,0.25,0,4.75,8,1.25,27.5,1.25,0,0,4.25,117.75
"132","c_3_block2_top_1993","1993","c_3_block2_top",289.270996368956,884.903248585295,0.75,0.5,0,0.5,0,0,22.5,0.25,0,5.5,15.5,0.5,16.25,0,0,1,8.5,108
"133","c_1_block1_bottom_1994","1994","c_1_block1_bottom",162.836749315262,457.993245840073,0,0.25,0,0.25,3.75,0,3.5,0,0,0.75,30,2.5,5.5,5,0,0,0,89
"134","c_1_block1_top_1994","1994","c_1_block1_top",162.836749315262,457.993245840073,0,0.25,0,0.25,0,0,17.5,0,0,1,37.5,2.75,5,0,0,0,2,84.5
"135","c_1_block2_bottom_1994","1994","c_1_block2_bottom",162.836749315262,457.993245840073,0,0.25,0,1.5,1.25,0,5,0,0,1,47.5,1.25,9.25,0,0,0,0,87.5
"136","c_1_block2_top_1994","1994","c_1_block2_top",162.836749315262,457.993245840073,0,0.5,0,0.5,0,0,3.5,0,0,1,47.5,2,6.5,2.5,0,0,1,93.25
"137","c_2_block1_bottom_1994","1994","c_2_block1_bottom",162.836749315262,457.993245840073,0,0,0,8.75,0,0,10,0,0,0.5,22.5,5.5,11.25,0,0,0,1,87.25
"138","c_2_block1_top_1994","1994","c_2_block1_top",162.836749315262,457.993245840073,0,0,0,5.25,0,0.5,7.5,0.75,0,1.25,42.5,3.5,17.5,0,0,0,1,104.75
"139","c_2_block2_bottom_1994","1994","c_2_block2_bottom",162.836749315262,457.993245840073,0.25,0,0,11.25,0,0.5,17.5,0.5,0,0,21.25,6.75,8.75,1.25,0,0,1,96
"140","c_2_block2_top_1994","1994","c_2_block2_top",162.836749315262,457.993245840073,0,0.25,0,11.25,0,0,6.75,0,0,1.25,30,4.75,6.75,5,0,0,4.75,91
"141","c_3_block1_bottom_1994","1994","c_3_block1_bottom",162.836749315262,457.993245840073,0.5,0,0.25,2.25,0,0,20,0.25,0,0.5,5.5,1.75,15,0.25,0,0,8.75,104.25
"142","c_3_block1_top_1994","1994","c_3_block1_top",162.836749315262,457.993245840073,0.5,0,0,1.25,0,0,10,0,0,0.5,17.5,2,4.25,0,0,0,3.25,103.75
"143","c_3_block2_bottom_1994","1994","c_3_block2_bottom",162.836749315262,457.993245840073,0.5,0,0.5,1.25,0,0,15,0,0,1,11.25,1.25,20,0.25,0,0,10,103.5
"144","c_3_block2_top_1994","1994","c_3_block2_top",162.836749315262,457.993245840073,0,0,0,1,0,0,16.25,0.25,0,0.25,15,0.5,17.5,0,0,0,2.25,101.75
"145","c_1_block1_bottom_1995","1995","c_1_block1_bottom",255.199503183365,1005.32775199413,0.75,1,2.5,1.75,1.75,0,3.5,0,0,8,21.25,1.75,8,6.25,0,0.75,0.5,100.25
"146","c_1_block1_top_1995","1995","c_1_block1_top",255.199503183365,1005.32775199413,0,2,0,4.75,0,0,21.25,0.25,0,1,17.5,2,5,2.5,0,0,8,103.25
"147","c_1_block2_bottom_1995","1995","c_1_block2_bottom",255.199503183365,1005.32775199413,0,0,0,4.25,2,0,8.75,0,0,1.75,35,2.5,11.25,3,0,0,0,97
"148","c_1_block2_top_1995","1995","c_1_block2_top",255.199503183365,1005.32775199413,0.5,0.75,0,6.25,0.25,0.25,2,0.5,0,0.5,35,2,7.5,6.25,0,0,0.5,96.25
"149","c_2_block1_bottom_1995","1995","c_2_block1_bottom",255.199503183365,1005.32775199413,0.5,0.75,0.5,20,0,0,11.25,0,0,1.75,6.75,8,8.75,0,0,0,4.25,87.25
"150","c_2_block1_top_1995","1995","c_2_block1_top",255.199503183365,1005.32775199413,0,0.5,2.75,10.5,0,0.5,7.5,0.5,0,2.75,26.25,2.75,15,1.25,0,0,4.75,102
"151","c_2_block2_bottom_1995","1995","c_2_block2_bottom",255.199503183365,1005.32775199413,0.25,0.75,0,25,0,0.25,25,1,0,0.5,9.25,10.5,6.75,0.25,0,0,2,107
"152","c_2_block2_top_1995","1995","c_2_block2_top",255.199503183365,1005.32775199413,0.25,1,0,22.5,0,0,6.75,1.5,0,1,6,5.5,12.5,10.5,0,0,6.75,101
"153","c_3_block1_bottom_1995","1995","c_3_block1_bottom",255.199503183365,1005.32775199413,1.5,1.5,0.25,5.25,0,0,22.5,1.25,0,3.75,22.5,1,20,0,0,0,7.25,105.25
"154","c_3_block1_top_1995","1995","c_3_block1_top",255.199503183365,1005.32775199413,1,4.75,6,7.5,0,0,17.5,0,0,5.5,25,0.5,13.75,0,0,0,2.75,119
"155","c_3_block2_bottom_1995","1995","c_3_block2_bottom",255.199503183365,1005.32775199413,1.75,1,1,8.75,0,0,27.5,1,1.75,2,15,1.25,20,3.75,0,0,9.25,128
"156","c_3_block2_top_1995","1995","c_3_block2_top",255.199503183365,1005.32775199413,1,1,2.25,9.25,0,0,17.5,0.25,0,2.75,25,0.5,20,0,0,2.75,3.5,119.25
"157","c_1_block1_bottom_1996","1996","c_1_block1_bottom",217.382000391372,786.975501482375,0.25,0.75,2.25,1.5,0.25,0,15,0,0,2.75,15,1.25,8.75,1.25,0,0,2,95.75
"158","c_1_block1_top_1996","1996","c_1_block1_top",217.382000391372,786.975501482375,0,0.5,0.75,4,0,0,21.25,0,0,1.5,5.5,0.75,7.5,3.75,0,0,25,92.5
"159","c_1_block2_bottom_1996","1996","c_1_block2_bottom",217.382000391372,786.975501482375,0,0.5,1,3.5,0,0,20,0,0,1.5,23.75,1.5,12.5,0.5,0,0,0.5,95
"160","c_1_block2_top_1996","1996","c_1_block2_top",217.382000391372,786.975501482375,0.25,0.5,0,22.5,0,0.75,6.25,0,0,0,6.25,1.25,11.25,5.5,0,0,3.5,91.25
"161","c_2_block1_bottom_1996","1996","c_2_block1_bottom",217.382000391372,786.975501482375,0.25,1.75,0.5,20,0,0,13.75,0,0,1.5,0,1,4,0,0,0,20,85.5
"162","c_2_block1_top_1996","1996","c_2_block1_top",217.382000391372,786.975501482375,0.5,0.25,7.25,22.5,0,0.25,7.5,0,0,1.5,5,1,14.25,0,0,0,4.25,84.75
"163","c_2_block2_bottom_1996","1996","c_2_block2_bottom",217.382000391372,786.975501482375,0,0.5,0.25,47.5,0,0,22.5,0,0,1,0,1,3.5,0,0,0,8.75,99.25
"164","c_2_block2_top_1996","1996","c_2_block2_top",217.382000391372,786.975501482375,0,0,0.25,52.5,0,0,12.5,0,0,0.5,0.5,0.5,11.25,7.5,0,0,4.75,106.75
"165","c_3_block1_bottom_1996","1996","c_3_block1_bottom",217.382000391372,786.975501482375,0.25,0.75,2,18,0,0.5,3.5,1.25,0,3.5,25,1.75,8,0,0,0,23,105.75
"166","c_3_block1_top_1996","1996","c_3_block1_top",217.382000391372,786.975501482375,1,0.75,5.5,23.75,0,0,2.75,0.25,0,3.5,26.25,1.25,4,2.5,0,0,2,106.25
"167","c_3_block2_bottom_1996","1996","c_3_block2_bottom",217.382000391372,786.975501482375,0,0.25,1,27.5,0,0,6.75,0.5,0,3.5,3.75,0.25,13.75,0,0,0,19.25,106.75
"168","c_3_block2_top_1996","1996","c_3_block2_top",217.382000391372,786.975501482375,1.5,1,2.75,35,0,0,1.5,0,0,3.5,8.5,1,20,0,0,0.75,12.5,106.25
"169","c_1_block1_bottom_1997","1997","c_1_block1_bottom",429.09524456365,770.268494165968,0,0.25,2.25,6,0.25,0,0,0,0,2.5,2,0.25,22.5,15,0,0.25,11.25,99.5
"170","c_1_block1_top_1997","1997","c_1_block1_top",429.09524456365,770.268494165968,0,0.5,1.5,8.75,0,0.25,0,0.5,0,1.5,1,1,15,20,0,0,22.5,92.75
"171","c_1_block2_bottom_1997","1997","c_1_block2_bottom",429.09524456365,770.268494165968,0,0.5,7.25,18.75,0,0,0,0,0,1.75,2,0.5,37.5,7.5,0,0,4.25,103
"172","c_1_block2_top_1997","1997","c_1_block2_top",429.09524456365,770.268494165968,0,1,1.5,20,0,0.5,0,0.5,0,2,1.5,1,21.25,3.75,0,0,4.75,96
"173","c_2_block1_bottom_1997","1997","c_2_block1_bottom",429.09524456365,770.268494165968,0,0.5,2,30,0,0,7.5,0,0,2,2.25,1.75,37.5,0,0,0,3,112.25
"174","c_2_block1_top_1997","1997","c_2_block1_top",429.09524456365,770.268494165968,0,0,3.75,16.25,0,0.25,6,0,0,1.75,0.5,1,40,3.75,0,0,8.5,109.75
"175","c_2_block2_bottom_1997","1997","c_2_block2_bottom",429.09524456365,770.268494165968,0,0.25,0,45,0,0.5,5.5,0.25,0,1.25,0.75,1,17.5,0,0,0,5.5,105
"176","c_2_block2_top_1997","1997","c_2_block2_top",429.09524456365,770.268494165968,0.25,0,1.5,27.5,0,0,15,0.5,0,1,0.75,1.75,35,10,0,0,5.5,123
"177","c_3_block1_bottom_1997","1997","c_3_block1_bottom",429.09524456365,770.268494165968,0.75,0.5,6.25,22.5,0,0,3,1,0,2.25,3.75,2.5,37.5,2.5,0,0,15.5,113.25
"178","c_3_block1_top_1997","1997","c_3_block1_top",429.09524456365,770.268494165968,0.25,0.75,3,17.5,0,0,1.5,1.25,0,2.75,3.5,0.25,40,2.5,0,0,16,115
"179","c_3_block2_bottom_1997","1997","c_3_block2_bottom",429.09524456365,770.268494165968,0.25,0,9.25,20,0,0,4.75,1,0,1,0,0.5,21.25,8.75,0,0,5.5,96.25
"180","c_3_block2_top_1997","1997","c_3_block2_top",429.09524456365,770.268494165968,0,0.5,13.75,47.5,0,0,2,1.25,0,2,0.5,0.5,22.5,0,0,0,11.75,115
"181","c_1_block1_bottom_1998","1998","c_1_block1_bottom",316.980748657137,1212.33175516501,0,0.25,0.5,15,0.25,0,1,0,0,8,0,1,32.5,2.5,0,0,0,102.5
"182","c_1_block1_top_1998","1998","c_1_block1_top",316.980748657137,1212.33175516501,0,1.5,1.5,13,0,0,1.5,0,0,1.5,0,0.5,15,7.5,0,0,1,92.75
"183","c_1_block2_bottom_1998","1998","c_1_block2_bottom",316.980748657137,1212.33175516501,0.25,0.75,1,14.25,0,0,1,0,0,2.5,0,1.5,57.5,5,0,0,0.5,106.25
"184","c_1_block2_top_1998","1998","c_1_block2_top",316.980748657137,1212.33175516501,0,0.75,0.5,32.5,0,0,0,1,0,3,0.5,2.5,32.5,6.25,0,0,1.5,107.25
"185","c_2_block1_bottom_1998","1998","c_2_block1_bottom",316.980748657137,1212.33175516501,0.5,0.5,1,22.5,0,0,4.25,0,0,2,1,6.75,57.5,1.25,0,0,0.5,114
"186","c_2_block1_top_1998","1998","c_2_block1_top",316.980748657137,1212.33175516501,0,0.75,0.5,15,0,1,5.5,0,0.5,4.25,0,1.75,50,6.25,0,0,0.25,121.25
"187","c_2_block2_bottom_1998","1998","c_2_block2_bottom",316.980748657137,1212.33175516501,1,0.5,0,25,0,0.5,7.5,0,0,1,0.25,2.75,40,0,0,0,0.5,107
"188","c_2_block2_top_1998","1998","c_2_block2_top",316.980748657137,1212.33175516501,0.5,0,0.5,17.5,0,0,8.75,0,0.5,0.5,0,8,32.5,12.5,0,0,1.5,111.25
"189","c_3_block1_bottom_1998","1998","c_3_block1_bottom",316.980748657137,1212.33175516501,1.5,1,0.5,17.5,0,1,3,1,0,5.5,0,4.25,47.5,0,0,0,1.5,111.75
"190","c_3_block1_top_1998","1998","c_3_block1_top",316.980748657137,1212.33175516501,0,1.25,0,20,0,0,2.25,0.25,0,6.25,0,1.75,40,8.75,0,0,0.5,105.25
"191","c_3_block2_bottom_1998","1998","c_3_block2_bottom",316.980748657137,1212.33175516501,0.5,0.25,0,15,0,0.5,10,0.25,0,6.75,0,1,17.5,5.5,0,0,0,106.5
"192","c_3_block2_top_1998","1998","c_3_block2_top",316.980748657137,1212.33175516501,0.5,1,1.75,32.5,0,0,2.75,1.25,0,8.75,0,0.5,40,1.25,0,0,1,112.25
"193","c_1_block1_bottom_1999","1999","c_1_block1_bottom",177.408500373363,652.971999824047,0,0,4.75,9.25,0,0,4.75,0,0,2.25,0,0.25,6.75,3.75,0,0.5,1.25,73
"194","c_1_block1_top_1999","1999","c_1_block1_top",177.408500373363,652.971999824047,0.75,0.5,7.75,2.25,0,0,5.5,0,0,0.5,1.25,0.5,6,3.75,0,0,0.25,81.75
"195","c_1_block2_bottom_1999","1999","c_1_block2_bottom",177.408500373363,652.971999824047,0.5,0,6.25,6.75,0,0,3.25,0,10,0.5,0,0.5,8.75,1.25,0,0,2.25,81.25
"196","c_1_block2_top_1999","1999","c_1_block2_top",177.408500373363,652.971999824047,0.5,0,1,47.5,0,0,1.25,0,0,2,0,1,12.5,6.25,0,0,1,92.75
"197","c_2_block1_bottom_1999","1999","c_2_block1_bottom",177.408500373363,652.971999824047,0.75,0.25,2.75,30,0,0,2.75,0,0,2,0,1.5,40,2.5,0,0,0.5,107
"198","c_2_block1_top_1999","1999","c_2_block1_top",177.408500373363,652.971999824047,0,0,0,15,0,0,5.5,0,0.25,2,0.25,2.5,37.5,5,0,0,0,102.75
"199","c_2_block2_bottom_1999","1999","c_2_block2_bottom",177.408500373363,652.971999824047,1.5,0,0,37.5,0,0,10,0,0,1.75,0,0.5,30,0,0,0,0,104
"200","c_2_block2_top_1999","1999","c_2_block2_top",177.408500373363,652.971999824047,1.25,0,0.25,40,0,0,11.25,0,0,1.5,0,1.5,12.5,10,0,0,0.5,104.5
"201","c_3_block1_bottom_1999","1999","c_3_block1_bottom",177.408500373363,652.971999824047,2,0.5,1.25,35,0,0,5,0,0,1.5,0,0.75,35,0,0,0,0.25,99
"202","c_3_block1_top_1999","1999","c_3_block1_top",177.408500373363,652.971999824047,0,1.25,1,30,0,0,1,0,0,4.75,0,2,40,2.5,0,0.5,1.25,105.25
"203","c_3_block2_bottom_1999","1999","c_3_block2_bottom",177.408500373363,652.971999824047,1.25,0,0,20,0,0,7.5,0,0,2,0,1.5,17.5,0,0,0,0,104.5
"204","c_3_block2_top_1999","1999","c_3_block2_top",177.408500373363,652.971999824047,1.5,0.5,1.75,42.5,0,0,0.5,0.25,0,5.5,0.5,0.5,32.5,1.25,0,0,1,106
"205","c_1_block1_bottom_2000","2000","c_1_block1_bottom",84.1490007638931,681.85124361515,1,0.25,1.5,3.75,2.5,0,5.5,0,0,2,2.25,0.25,25,1.25,0,0,6.75,106
"206","c_1_block1_top_2000","2000","c_1_block1_top",84.1490007638931,681.85124361515,0,2.25,6.75,0,0,0.25,7.5,0,0,1,0,0,11.25,1.75,0,0,8,101
"207","c_1_block2_bottom_2000","2000","c_1_block2_bottom",84.1490007638931,681.85124361515,1,0.5,6.5,3.5,0,0,4.25,0,0,1,3.5,0.5,50,0,0,0,8,107.25
"208","c_1_block2_top_2000","2000","c_1_block2_top",84.1490007638931,681.85124361515,1,0.25,8.75,5.5,0,0,4.75,0,0,2.5,1.5,0.5,20,0,0,0,23,104.75
"209","c_2_block1_bottom_2000","2000","c_2_block1_bottom",84.1490007638931,681.85124361515,1.75,0,4.25,10,0,0,2,0,0,2,0,1.25,62.5,0,0,0,2.25,104.25
"210","c_2_block1_top_2000","2000","c_2_block1_top",84.1490007638931,681.85124361515,1,0,0,11.25,0,0.75,5.5,0,0,1.5,3.5,2.75,40,0,0,0,2.5,100.75
"211","c_2_block2_bottom_2000","2000","c_2_block2_bottom",84.1490007638931,681.85124361515,2,0,0,13.75,0,0.25,13.75,0,0,1,0,1.75,55,0,0,0,1.5,106
"212","c_2_block2_top_2000","2000","c_2_block2_top",84.1490007638931,681.85124361515,2,0,2.25,17.5,0,0,15,0,0.25,2,0,1.5,30,0,0,0,3.5,107.5
"213","c_3_block1_bottom_2000","2000","c_3_block1_bottom",84.1490007638931,681.85124361515,1,0,0.5,18.75,0,0.5,8.75,1.25,0,1,3,1.5,35,0,0,0,1,109.75
"214","c_3_block1_top_2000","2000","c_3_block1_top",84.1490007638931,681.85124361515,1,0.25,0,11.75,0,0,2.25,0.5,0,2.75,0,2.75,37.5,11.25,0,0,0.5,108.5
"215","c_3_block2_bottom_2000","2000","c_3_block2_bottom",84.1490007638931,681.85124361515,0.25,0.25,0,3,0,0,5.5,0,0.25,1.75,0.25,0,5.5,0,0,0,0,102.25
"216","c_3_block2_top_2000","2000","c_3_block2_top",84.1490007638931,681.85124361515,1.5,0,0.5,20,0,0,9.75,0.5,0,7.5,1.75,1.25,35,3.75,0,0.5,2.25,104
"217","c_1_block1_bottom_2001","2001","c_1_block1_bottom",122.5235003829,532.399750649929,1.5,0,4.75,6.25,0,0,15,0,0,2.75,11.25,0.5,35,8.75,0,0.5,3,108
"218","c_1_block1_top_2001","2001","c_1_block1_top",122.5235003829,532.399750649929,1.25,0,7.5,1.5,0,0.5,27.5,0,0,1.25,1.5,0.25,25,8.75,0,0,15,110.5
"219","c_1_block2_bottom_2001","2001","c_1_block2_bottom",122.5235003829,532.399750649929,0.5,0,2.5,6.25,0,0,8.75,0,0,1,5.5,2.75,47.5,7.5,0,0,1.75,94.25
"220","c_1_block2_top_2001","2001","c_1_block2_top",122.5235003829,532.399750649929,0.5,0,22.5,15,0,0,3.5,0,0,2,8.5,1.25,27.5,6.25,0,0,1.25,97
"221","c_2_block1_bottom_2001","2001","c_2_block1_bottom",122.5235003829,532.399750649929,0.5,0,13,10,0,0.25,3.5,0,0,0.5,0.5,3.5,52.5,1.25,0,0,4.25,104
"222","c_2_block1_top_2001","2001","c_2_block1_top",122.5235003829,532.399750649929,0.5,0.25,1.5,22.5,0,0,11.25,0,0,0.5,0.25,9.25,35,1.25,0,0,2.25,106
"223","c_2_block2_bottom_2001","2001","c_2_block2_bottom",122.5235003829,532.399750649929,0.5,0.25,0.5,30,0,0,12.5,0,0,0.5,0.5,10.5,37.5,0,0,0,1,101.5
"224","c_2_block2_top_2001","2001","c_2_block2_top",122.5235003829,532.399750649929,1.5,0.25,2.25,25,0,0,20,0,0,0,0.5,2.5,32.5,0,0,0,0.5,110.75
"225","c_3_block1_bottom_2001","2001","c_3_block1_bottom",122.5235003829,532.399750649929,1.5,0.5,0,16.25,0,0,22.5,0,0,0.5,1.5,8,32.5,5.5,0,0,0.5,109.25
"226","c_3_block1_top_2001","2001","c_3_block1_top",122.5235003829,532.399750649929,2,1,0,17.5,0,0,2.75,0,0,5,1.25,6.75,35,13.75,0,0,1,109.25
"227","c_3_block2_bottom_2001","2001","c_3_block2_bottom",122.5235003829,532.399750649929,1.5,0.75,0,5.5,0,0.25,9.25,0,0.25,0.5,0.25,0.75,13.75,10,0,0,0,114.25
"228","c_3_block2_top_2001","2001","c_3_block2_top",122.5235003829,532.399750649929,1.75,0,1,35,0,0,13.75,0,0,1,0.75,3.5,27.5,7.5,0,0.25,1,109
"229","c_1_block1_bottom_2002","2002","c_1_block1_bottom",394.554751574993,579.703502357006,0.5,0,22.5,1.75,1.75,0,7.5,0,0,10,5,0.25,17.5,8,0,1.5,0.5,97.5
"230","c_1_block1_top_2002","2002","c_1_block1_top",394.554751574993,579.703502357006,0.5,1.75,30,5.5,0,0,15,0,0,2.25,0,1.25,27.5,6.25,0,0,1.5,102
"231","c_1_block2_bottom_2002","2002","c_1_block2_bottom",394.554751574993,579.703502357006,0.5,0.5,6,2.25,0,0,11.25,0,0,1,17.75,5.5,25,5,0,0,7.5,97.25
"232","c_1_block2_top_2002","2002","c_1_block2_top",394.554751574993,579.703502357006,0.5,0.5,47.5,8.75,0,0,6.75,0,0,3.5,2.75,4,25,0.25,0,0,0,112
"233","c_2_block1_bottom_2002","2002","c_2_block1_bottom",394.554751574993,579.703502357006,0,0.5,37.5,5.5,0,0,5.5,0,0,2.25,0,3.75,27.5,1.25,0,0,10.5,110
"234","c_2_block1_top_2002","2002","c_2_block1_top",394.554751574993,579.703502357006,0.75,0,6.75,10,0,0,13.75,0,0,2,0,9,27.5,0,0,0,6.75,111
"235","c_2_block2_bottom_2002","2002","c_2_block2_bottom",394.554751574993,579.703502357006,1.75,0,2,21.25,0,0.25,12.5,0,0,4.25,0.5,10,30,0,0,0,1.25,109.75
"236","c_2_block2_top_2002","2002","c_2_block2_top",394.554751574993,579.703502357006,1.5,0,8,10,0,0,20,0,0,1,0.5,4.25,25,2.75,0,0,1,115.25
"237","c_3_block1_bottom_2002","2002","c_3_block1_bottom",394.554751574993,579.703502357006,2.25,0,0.5,9.25,0,0,25,0.25,0,0.5,8.5,3,25,0,0,0,0.75,105
"238","c_3_block1_top_2002","2002","c_3_block1_top",394.554751574993,579.703502357006,5,1.25,0.5,11.75,0,0.25,6.25,0.25,0,6.25,6,10,37.5,1.25,0,0,2.75,107.75
"239","c_3_block2_bottom_2002","2002","c_3_block2_bottom",394.554751574993,579.703502357006,1.25,0.5,1.5,3.5,0,1.25,25,0.5,0,1.5,5,0,22.5,7.5,0,0,0.5,108
"240","c_3_block2_top_2002","2002","c_3_block2_top",394.554751574993,579.703502357006,4.25,1.25,3.75,9.25,0,0,10,0,0,2.75,11.25,3.5,32.5,0.5,0,1.75,1,106.75
"241","c_1_block1_bottom_2003","2003","c_1_block1_bottom",479.73300010711,752.001501388848,0,0.25,35,15.5,1,0.25,5.5,0,0,4.75,9.25,0.25,16.25,7.5,0,0,0,108
"242","c_1_block1_top_2003","2003","c_1_block1_top",479.73300010711,752.001501388848,0.5,0,50,4.25,0,0.25,2.25,0,0,2,0.5,0.5,13,4.25,0,0,0,97
"243","c_1_block2_bottom_2003","2003","c_1_block2_bottom",479.73300010711,752.001501388848,0,0,14.25,6.75,0,0,6.25,0,0,0.5,20.5,4.75,10,7.5,0,0,8,99
"244","c_1_block2_top_2003","2003","c_1_block2_top",479.73300010711,752.001501388848,0.25,0.25,55,11.25,0,0,2.25,0,0,1.25,8.75,1.5,13.75,1.75,0,0,0.5,105
"245","c_2_block1_bottom_2003","2003","c_2_block1_bottom",479.73300010711,752.001501388848,0.25,0.5,65,10,0,0.25,2.75,0,0,1.25,0,1,12.5,1,0,0,0,107.25
"246","c_2_block1_top_2003","2003","c_2_block1_top",479.73300010711,752.001501388848,0,0.25,23.75,20,0,0,10.5,0,0,1,0.5,6.5,25,0,0,0,1.25,108.75
"247","c_2_block2_bottom_2003","2003","c_2_block2_bottom",479.73300010711,752.001501388848,1.25,0,0,40,0,0,22.5,0,0,1,0.5,4.75,15,0,0,0,0,104.25
"248","c_2_block2_top_2003","2003","c_2_block2_top",479.73300010711,752.001501388848,0.25,0.25,8,32.5,0,0,8.75,0,0,0,0.5,3.5,22.5,2.5,0,0,0,102.75
"249","c_3_block1_bottom_2003","2003","c_3_block1_bottom",479.73300010711,752.001501388848,2,0,0.5,16.25,0,0.25,25,1,0,0.5,20,1.5,15,1.25,0,0,0,105.5
"250","c_3_block1_top_2003","2003","c_3_block1_top",479.73300010711,752.001501388848,1.5,0.5,0.5,32.5,0,0,6.25,0,0,3,7.5,4.25,35,0,0,0.5,0,104.25
"251","c_3_block2_bottom_2003","2003","c_3_block2_bottom",479.73300010711,752.001501388848,0.5,0,0.5,13,0,0.5,27.5,0.5,0,0,11.25,0.75,16.25,2.5,0,0,0,104.75
"252","c_3_block2_top_2003","2003","c_3_block2_top",479.73300010711,752.001501388848,0.25,0.5,1.25,22.5,0,0,8.75,0,0,1.75,18.75,2.5,25,1.25,0,0.5,0.5,101.5
"253","c_1_block1_bottom_2004","2004","c_1_block1_bottom",222.237245915458,492.77924364619,0.25,0,50,4.25,0.25,0,1,0.5,0,3.5,2,0,8,8.75,0,1.25,0.5,85.25
"254","c_1_block1_top_2004","2004","c_1_block1_top",222.237245915458,492.77924364619,0.5,0,75,7.25,0,0,0.5,0,0,1.75,0.5,0,4.25,7.5,0,0,0,104.25
"255","c_1_block2_bottom_2004","2004","c_1_block2_bottom",222.237245915458,492.77924364619,0,0,48.75,3.5,0,0,3,0.5,0,1,8,1,5.5,7.5,0,0,1.75,102.25
"256","c_1_block2_top_2004","2004","c_1_block2_top",222.237245915458,492.77924364619,0,0,77.5,7.5,0,0,0,0,0,1.5,4.5,0,4.25,2.5,0,0,0,104
"257","c_2_block1_bottom_2004","2004","c_2_block1_bottom",222.237245915458,492.77924364619,0,0,77.5,6.25,0,0.5,1.25,0,0,1.5,0.5,0.25,4,4.25,0,0,0,105.5
"258","c_2_block1_top_2004","2004","c_2_block1_top",222.237245915458,492.77924364619,0,0,45,7.5,0,0,3,0,0,1,1.75,0.25,4.75,0,0,0,0,103.25
"259","c_2_block2_bottom_2004","2004","c_2_block2_bottom",222.237245915458,492.77924364619,1.25,0,0.5,18.75,0,0,20,0,0,0.5,3,2,12.5,0,0,0,0.5,102
"260","c_2_block2_top_2004","2004","c_2_block2_top",222.237245915458,492.77924364619,1.5,0,0,20,0,0,6.25,0.5,0.25,1.75,2,0.75,15,0,0,0,0,97
"261","c_3_block1_bottom_2004","2004","c_3_block1_bottom",222.237245915458,492.77924364619,0.5,0.25,1,4.25,0,0,5.5,0,0,0,4.25,0.5,8,0,0,0,0,102.75
"262","c_3_block1_top_2004","2004","c_3_block1_top",222.237245915458,492.77924364619,1.5,0.75,2.75,30,0,0,5.5,1.75,0,3,10,1.5,25,0,0,3,0.75,109
"263","c_3_block2_bottom_2004","2004","c_3_block2_bottom",222.237245915458,492.77924364619,1,0,2.25,8.75,0,0.75,22.5,1.75,0,0.5,20,0.25,15,0.5,0,0,0,107.75
"264","c_3_block2_top_2004","2004","c_3_block2_top",222.237245915458,492.77924364619,0.5,0.5,8,15,0,0,6.25,0.5,0,0.5,13,1.5,8.75,0,0,2.5,0.5,101.75
"265","c_1_block1_bottom_2005","2005","c_1_block1_bottom",308.439503267407,808.121011331677,0.5,1.75,45,7.5,0,0,0,6.25,0,3,12.5,0,9.25,0,0,3,8.5,109.75
"266","c_1_block1_top_2005","2005","c_1_block1_top",308.439503267407,808.121011331677,0,3.5,67.5,3,0,0.5,0,0,0,8,1,0,2,3.75,0,0,1,108.75
"267","c_1_block2_bottom_2005","2005","c_1_block2_bottom",308.439503267407,808.121011331677,0,3,30,15,0,0,6.25,1,0,4.25,15,0.75,13.75,0.5,0,0,7.25,113
"268","c_1_block2_top_2005","2005","c_1_block2_top",308.439503267407,808.121011331677,0.25,0.75,72.5,11.75,0,0,0,0.5,0,4.25,9.25,0,6.75,0,0,0,1.75,117.5
"269","c_2_block1_bottom_2005","2005","c_2_block1_bottom",308.439503267407,808.121011331677,0,0.5,80,8.75,0,3,2,0,0,2,1,0.25,7.25,1.75,0,0,0,113
"270","c_2_block1_top_2005","2005","c_2_block1_top",308.439503267407,808.121011331677,0.75,4.75,50,8.75,0,0,4.75,0.5,0,3,18.75,0.25,6,2.5,0,0,0.5,112.25
"271","c_2_block2_bottom_2005","2005","c_2_block2_bottom",308.439503267407,808.121011331677,2.25,0.5,6.5,22.5,0,0,20,0,0,1,13,1,12.5,2.5,0,0,2.25,106
"272","c_2_block2_top_2005","2005","c_2_block2_top",308.439503267407,808.121011331677,1.5,0,0.5,25,0,0,15,2.5,0,0.5,17.5,1.5,15,0,0,0,0,104.75
"273","c_3_block1_bottom_2005","2005","c_3_block1_bottom",308.439503267407,808.121011331677,1.5,0.75,0.5,15,0,0.5,7.5,1.25,0,2.25,32.5,0.25,11.25,2.5,0,0,1,108.5
"274","c_3_block1_top_2005","2005","c_3_block1_top",308.439503267407,808.121011331677,1,2.75,5,5,0,0,5.5,4.75,0,3.5,25,1.25,7.5,0,0,0,2.25,108.75
"275","c_3_block2_bottom_2005","2005","c_3_block2_bottom",308.439503267407,808.121011331677,0.5,1,4,6.75,0,0.5,11.25,12.5,0,1.75,40,1,11.25,0,0,0,1.75,108.75
"276","c_3_block2_top_2005","2005","c_3_block2_top",308.439503267407,808.121011331677,0.5,1,11.25,2.5,0,0,3,7.5,0,3,18.75,0,4,0,0,4.25,0,104.5
"277","c_1_block1_bottom_2006","2006","c_1_block1_bottom",278.918502122164,889.135997086763,0,0,60,2.5,0,0.25,0.75,1.25,0,15,1.25,0,1.5,0,0,0,1,101.75
"278","c_1_block1_top_2006","2006","c_1_block1_top",278.918502122164,889.135997086763,0,0.75,45,2,0,0.25,0,0,0,7.25,1.25,0,1.5,0,0,0,0.25,97
"279","c_1_block2_bottom_2006","2006","c_1_block2_bottom",278.918502122164,889.135997086763,0.75,0.5,45,5.5,0.25,0,4.25,0,0,22.5,3,1,3.5,0,0,0,2.25,105
"280","c_1_block2_top_2006","2006","c_1_block2_top",278.918502122164,889.135997086763,1.25,0,57.5,12.5,0,0,0,0.75,0,5.5,1,0.5,4.75,0,0,0.25,1.75,105
"281","c_2_block1_bottom_2006","2006","c_2_block1_bottom",278.918502122164,889.135997086763,0.5,0,67.5,4.75,0,0.5,1.5,0,0,2.25,0,0,1.5,1.25,0,0,0,102.25
"282","c_2_block1_top_2006","2006","c_2_block1_top",278.918502122164,889.135997086763,1.5,0.5,57.5,3,0,0,1,0,0,4,0,0,1,7.5,0,0,0,102.75
"283","c_2_block2_bottom_2006","2006","c_2_block2_bottom",278.918502122164,889.135997086763,4.25,0,12.5,20,0,0,11.25,0,0,1.75,7.5,0.75,5.5,0,0,0,0.25,94.5
"284","c_2_block2_top_2006","2006","c_2_block2_top",278.918502122164,889.135997086763,3.5,0,0,20,0,0,6.75,1.75,0,1,15,1.75,10,0,0,0,0.5,103.75
"285","c_3_block1_bottom_2006","2006","c_3_block1_bottom",278.918502122164,889.135997086763,1.5,1,1,16.25,0,0,8.75,0.5,0,1,30,1.5,20,0,0,0,0,102
"286","c_3_block1_top_2006","2006","c_3_block1_top",278.918502122164,889.135997086763,2.25,2.5,4.75,7.5,0,0,4.75,1,0,2,30,0,6.25,0,0,0.5,0,106.25
"287","c_3_block2_bottom_2006","2006","c_3_block2_bottom",278.918502122164,889.135997086763,0.5,0.5,16.25,11.25,0,0,15,1,0,0.5,12.5,1,15,0,0,0,0.5,104.25
"288","c_3_block2_top_2006","2006","c_3_block2_top",278.918502122164,889.135997086763,1.75,2.25,27.5,1.75,0,0,2,1.75,0,1.75,13.5,0.25,3.5,0,0,2.25,0.5,106.75
"289","c_1_block1_bottom_2007","2007","c_1_block1_bottom",174.800249576569,382.578751564026,0.5,0,45,2.5,0,0.25,0.25,3.75,0,11.25,0,0,1.5,0,0,1.75,0.5,101.5
"290","c_1_block1_top_2007","2007","c_1_block1_top",174.800249576569,382.578751564026,0,1,47.5,4,0,0.5,0,0.5,0,6.75,0,0,4.25,0,0,0,1,101.5
"291","c_1_block2_bottom_2007","2007","c_1_block2_bottom",174.800249576569,382.578751564026,0,0,60,2.25,0.5,0,0.5,0,0,12.5,0,0,2,0,0,0,0.5,101.5
"292","c_1_block2_top_2007","2007","c_1_block2_top",174.800249576569,382.578751564026,0.25,0.25,67.5,6,0,0,0,4.25,0,3.5,0,0,4.75,0,0,0,1.5,100.5
"293","c_2_block1_bottom_2007","2007","c_2_block1_bottom",174.800249576569,382.578751564026,0.5,0,62.5,1.75,0,2.25,0.5,0,0,0.5,0,0,2,13,0,0,0,103.75
"294","c_2_block1_top_2007","2007","c_2_block1_top",174.800249576569,382.578751564026,0,0,62.5,0.75,0,0,1.5,3,0,1.5,0,0,2.25,0,0,0,0,101.5
"295","c_2_block2_bottom_2007","2007","c_2_block2_bottom",174.800249576569,382.578751564026,1.5,0,30,16.25,0,0.5,11.25,0,0,1.75,1.75,0.5,10.5,0,0,0,0.5,96.75
"296","c_2_block2_top_2007","2007","c_2_block2_top",174.800249576569,382.578751564026,2,0,5.5,21.25,0,0,8.75,4.75,0,0.5,0,1.75,25,0,0,0,1,100.75
"297","c_3_block1_bottom_2007","2007","c_3_block1_bottom",174.800249576569,382.578751564026,1,0,9.25,12.5,0,0.25,6.75,1.25,0,0.5,1.75,0.5,11.25,0.5,0,0,0.5,101
"298","c_3_block1_top_2007","2007","c_3_block1_top",174.800249576569,382.578751564026,2.25,0.75,6.75,6.75,0,0,8.5,2.25,0,3.5,6.75,0.25,13.75,0,0,0,1,102.75
"299","c_3_block2_bottom_2007","2007","c_3_block2_bottom",174.800249576569,382.578751564026,1,0,20,12.5,0,1.25,17.5,1.5,0,0.5,0,0.25,11.25,0,0,0,4.25,101.25
"300","c_3_block2_top_2007","2007","c_3_block2_top",174.800249576569,382.578751564026,0,1,32.5,4.25,0,0,2.25,1.5,0,6.75,0.5,0,5.5,0,0,1,2.25,101
"301","c_1_block1_bottom_2008","2008","c_1_block1_bottom",135.374999046326,506.518988966942,2.75,1,20,6,2.5,0,0,3.75,0,11.75,2.5,0,4.25,1.25,0,0.5,1.5,108.5
"302","c_1_block1_top_2008","2008","c_1_block1_top",135.374999046326,506.518988966942,1,1,17.5,20,0,0.5,0,1.25,0,4.25,0.5,0,20,0,0,0,9,104.25
"303","c_1_block2_bottom_2008","2008","c_1_block2_bottom",135.374999046326,506.518988966942,1.5,1.75,18.75,9.25,0,0,0.5,7.5,0,11.25,1.75,0,8.75,5,0,0.5,1,103.75
"304","c_1_block2_top_2008","2008","c_1_block2_top",135.374999046326,506.518988966942,0.5,0,16.25,10,0,0,0,20,0,0.5,0,0,15,3.75,0,0,2.75,101.25
"305","c_2_block1_bottom_2008","2008","c_2_block1_bottom",135.374999046326,506.518988966942,1.5,2.25,10,2,1.25,6.25,0,1.25,0,4,0,0,12.5,3.75,0,0,1.75,105.25
"306","c_2_block1_top_2008","2008","c_2_block1_top",135.374999046326,506.518988966942,1,2.25,20,5.5,0,0,0.5,5,0,6.25,0.5,0,6.25,0,0,0,0.5,101.75
"307","c_2_block2_bottom_2008","2008","c_2_block2_bottom",135.374999046326,506.518988966942,0,0,7.5,13.75,0,1.75,8.75,2,0,3,2.5,0.5,22.5,0,0,0,1.75,100.25
"308","c_2_block2_top_2008","2008","c_2_block2_top",135.374999046326,506.518988966942,0,0,1,11.25,0,0,8.75,10,0,0,0,0.75,42.5,0,0,0,0,99.75
"309","c_3_block1_bottom_2008","2008","c_3_block1_bottom",135.374999046326,506.518988966942,0,0,12.5,13.75,0,0,5,1,0,1.5,0,0,35,1.25,0,0,1,99.25
"310","c_3_block1_top_2008","2008","c_3_block1_top",135.374999046326,506.518988966942,0.25,1,5,12.5,0,0,5,1.25,0,1.75,1,0,32.5,0,0,0.5,0,99.5
"311","c_3_block2_bottom_2008","2008","c_3_block2_bottom",135.374999046326,506.518988966942,0,0.5,17.5,12.5,0,0.5,11.25,3,0,0.5,0.5,1,22.5,0,0,0,2.5,101.5
"312","c_3_block2_top_2008","2008","c_3_block2_top",135.374999046326,506.518988966942,2,1,6.25,9.25,0,0,1,5,0,3,1,0,27.5,0,0,4.25,8,103.75
"313","c_1_block1_bottom_2009","2009","c_1_block1_bottom",166.236500690691,530.136750410311,0,0.5,10,5.5,3.75,0,1.5,3.75,0,4.25,10,0,15,0,0,3.75,7.5,81.75
"314","c_1_block1_top_2009","2009","c_1_block1_top",166.236500690691,530.136750410311,1.5,0.25,5,11.25,0,0,1,4.75,0,2,3,0,35,0,0,0,10.5,103
"315","c_1_block2_bottom_2009","2009","c_1_block2_bottom",166.236500690691,530.136750410311,2,0.25,4.25,5.5,2.5,0,3.5,20,0,3.5,10,0,30,8.75,0,0.5,3.75,108.5
"316","c_1_block2_top_2009","2009","c_1_block2_top",166.236500690691,530.136750410311,0.5,0,1.75,8.75,0.25,0,1.5,22.5,0,2.5,5.5,0.25,32.5,7.5,0,0,6.25,101
"317","c_2_block1_bottom_2009","2009","c_2_block1_bottom",166.236500690691,530.136750410311,4,4.25,3,3.75,0,10.5,2,6.25,0,4.25,8.75,0.25,22.5,0,0,0,4.25,106.5
"318","c_2_block1_top_2009","2009","c_2_block1_top",166.236500690691,530.136750410311,3.5,3,13,10,0,0,5.5,17.5,0,3.5,1,0,17.5,1,0,0,5.5,108.75
"319","c_2_block2_bottom_2009","2009","c_2_block2_bottom",166.236500690691,530.136750410311,1.75,0,1,15,0,0.5,18.75,4,0,1,4,1,30,2.5,0,0,2.25,106
"320","c_2_block2_top_2009","2009","c_2_block2_top",166.236500690691,530.136750410311,0,0,0.5,12.5,0,0,8.75,7.5,0,0,1,1.25,40,1.25,0,0,1,103.75
"321","c_3_block1_bottom_2009","2009","c_3_block1_bottom",166.236500690691,530.136750410311,0.5,0,0.5,4.75,0,0.25,3.5,2,0,1.25,2.25,0.25,75,1.75,0,1,0,108.5
"322","c_3_block1_top_2009","2009","c_3_block1_top",166.236500690691,530.136750410311,0.75,0,0.5,7.5,0,0,4.75,1.5,0,2,1.5,0.5,65,0,0,0.5,1,107.75
"323","c_3_block2_bottom_2009","2009","c_3_block2_bottom",166.236500690691,530.136750410311,0,0,1.5,12.5,0,0,15,3.5,0,1,1.75,0.5,45,0,0,0,2,103.25
"324","c_3_block2_top_2009","2009","c_3_block2_top",166.236500690691,530.136750410311,1.5,0.25,0,7.5,0,0,1,1,0,1.5,4.25,0,50,0,0,1,3,106.25
"325","c_1_block1_bottom_2010","2010","c_1_block1_bottom",231.656000256538,734.538002133369,0.5,0.5,0.5,3,8.75,0,1,2.25,0,1.25,40,0.25,18.75,0,0,0.5,0,106.25
"326","c_1_block1_top_2010","2010","c_1_block1_top",231.656000256538,734.538002133369,1,0.75,0.5,5,0.5,0,0.5,8.75,0,3.5,20,0.25,30,0,0,0,3.5,101.5
"327","c_1_block2_bottom_2010","2010","c_1_block2_bottom",231.656000256538,734.538002133369,0.5,0,1.25,1.25,2.5,1.25,1.75,10,0,3.75,22.5,0.25,45,5,0,0.5,0.5,109.75
"328","c_1_block2_top_2010","2010","c_1_block2_top",231.656000256538,734.538002133369,0.25,0.5,0,5.25,1.25,0,4.5,7.5,0,2.75,18.75,1.5,35,5,0,0,3,106.75
"329","c_2_block1_bottom_2010","2010","c_2_block1_bottom",231.656000256538,734.538002133369,0.5,0,0.5,3,1.25,2,0.5,2.5,0,2.25,18.75,0.25,55,3,0,0,1.25,106.25
"330","c_2_block1_top_2010","2010","c_2_block1_top",231.656000256538,734.538002133369,0.5,0,2.75,6.25,0,0,4,10,0,1.75,6,0.25,35,1.75,0,0,1,109.25
"331","c_2_block2_bottom_2010","2010","c_2_block2_bottom",231.656000256538,734.538002133369,0,0,0,6.25,0,0,11.25,1.5,0,0.5,4.75,13.75,55,0,0,0,0,106
"332","c_2_block2_top_2010","2010","c_2_block2_top",231.656000256538,734.538002133369,0.25,0,0,8.75,0,0.25,6.25,8.75,0,1,2.25,2.75,45,0,0,0,0,105.75
"333","c_3_block1_bottom_2010","2010","c_3_block1_bottom",231.656000256538,734.538002133369,0.5,0.5,0.75,1.5,0,0,2.5,0.75,0,0.5,2,0.75,77.5,1.5,0,0,0.75,104.75
"334","c_3_block1_top_2010","2010","c_3_block1_top",231.656000256538,734.538002133369,0.5,1.25,3,5.5,0,0,1.75,0.75,0,5.5,1.25,3.25,73.75,0,0,0.5,1.25,107
"335","c_3_block2_bottom_2010","2010","c_3_block2_bottom",231.656000256538,734.538002133369,0.5,0,1.5,8.75,0,0.5,4.25,2.75,0,0.5,2.5,1.75,62.5,0,0,0,1,113.75
"336","c_3_block2_top_2010","2010","c_3_block2_top",231.656000256538,734.538002133369,0,1.25,2.5,16.25,0,0.5,1,0,0.25,4.75,6,0.5,45,0,0,0.5,1.75,106.25
"337","c_1_block1_bottom_2011","2011","c_1_block1_bottom",349.252248512115,767.140504823532,1,1.75,0.75,0,6.25,0,1.5,6.25,0,2.75,25,0.75,11.25,0,0,2.25,0.75,105.5
"338","c_1_block1_top_2011","2011","c_1_block1_top",349.252248512115,767.140504823532,2.75,3,1.25,0,0.25,0,0.75,11.25,0,1.5,30,0.25,18.75,0,0,0,4.5,104.75
"339","c_1_block2_bottom_2011","2011","c_1_block2_bottom",349.252248512115,767.140504823532,4.25,0.75,1.25,0,0.75,0,1.25,5.5,0,1,16.25,1.25,8.75,1.5,0,0.25,0,104.25
"340","c_1_block2_top_2011","2011","c_1_block2_top",349.252248512115,767.140504823532,2.75,0.75,1.25,1,0.5,0,1,17.5,0,1.75,32.5,1.5,12.5,0,0,0.25,1.25,102.75
"341","c_2_block1_bottom_2011","2011","c_2_block1_bottom",349.252248512115,767.140504823532,2,1.5,0.5,0,0,0.5,1.5,5,0,3.5,40,4.5,22.5,1.25,0,0,1,105.25
"342","c_2_block1_top_2011","2011","c_2_block1_top",349.252248512115,767.140504823532,1.5,4.25,1.5,0.5,0,0,1.25,15.5,0,5.5,25,1.75,25,0,0,0,0.25,105.25
"343","c_2_block2_bottom_2011","2011","c_2_block2_bottom",349.252248512115,767.140504823532,1.5,0,1,5.5,0,0,4,6.75,0,0.5,17.5,6.25,27.5,0.5,0,0,0.5,105.25
"344","c_2_block2_top_2011","2011","c_2_block2_top",349.252248512115,767.140504823532,1,0,0.5,6,0,0,6.75,12.5,0,0,21.25,3.5,22.5,0,0,0,0,100.5
"345","c_3_block1_bottom_2011","2011","c_3_block1_bottom",349.252248512115,767.140504823532,1.5,0.25,1,13,0,0,4,1.25,0,2.75,6.25,1.5,35,6.25,0,0,1,103.5
"346","c_3_block1_top_2011","2011","c_3_block1_top",349.252248512115,767.140504823532,0,0.75,21.25,3.75,0,0,1.25,0,0.25,7.5,5,2,15.5,0,0,0,1.25,104.75
"347","c_3_block2_bottom_2011","2011","c_3_block2_bottom",349.252248512115,767.140504823532,0.25,0.25,3.5,6.25,0,1.25,6.25,6.75,0,1.75,7.5,2.5,30,0,0,0,2.25,104.5
"348","c_3_block2_top_2011","2011","c_3_block2_top",349.252248512115,767.140504823532,0,1.25,35,1.75,0,0,1.25,1.25,1.5,7.5,8,0.5,12.5,0,0,1.5,1,107.25
"349","c_1_block1_bottom_2012","2012","c_1_block1_bottom",97.4775011539459,578.384751081467,0.75,1.25,3.25,0,5.5,0,0,4.25,0,1.25,27.5,0,10,0,0,0.75,0.5,104.75
"350","c_1_block1_top_2012","2012","c_1_block1_top",97.4775011539459,578.384751081467,2,2.5,1.75,0.5,0.25,0,0,5.5,0,1,45,0.25,17.5,0,0,0,1.5,109.5
"351","c_1_block2_bottom_2012","2012","c_1_block2_bottom",97.4775011539459,578.384751081467,1,2,0.5,0,0,0,0.5,7.5,0,1.5,32.5,0,17.5,0.25,0,0.25,0,103.5
"352","c_1_block2_top_2012","2012","c_1_block2_top",97.4775011539459,578.384751081467,0.75,1,0,0,0,0,0,8.75,0,0.75,32.5,1.25,10,0.25,0,0,1.25,100.5
"353","c_2_block1_bottom_2012","2012","c_2_block1_bottom",97.4775011539459,578.384751081467,0.5,1.5,1,0.25,0,0.75,0.25,4.25,0,0.5,45,0.25,16.25,1.75,0,0,0.5,99.5
"354","c_2_block1_top_2012","2012","c_2_block1_top",97.4775011539459,578.384751081467,2,0,1.5,0.25,0,0,1,12.5,0,1.25,25,0.5,20,0,0,0,0,98.25
"355","c_2_block2_bottom_2012","2012","c_2_block2_bottom",97.4775011539459,578.384751081467,1,0.5,1.5,0.75,0,0,2.25,6.75,0,0,32.5,1.25,22.5,1.25,0,0,1,101.25
"356","c_2_block2_top_2012","2012","c_2_block2_top",97.4775011539459,578.384751081467,1.25,0,1.5,0.25,0,0,3.5,13.75,0,0.5,27.5,1.25,12.5,0,0,0,0.75,99.5
"357","c_3_block1_bottom_2012","2012","c_3_block1_bottom",97.4775011539459,578.384751081467,2,0.75,5.25,1.25,0,0.25,6.25,4.75,0,1.5,17.5,1.75,37.5,3.5,0,0.75,2,120
"358","c_3_block1_top_2012","2012","c_3_block1_top",97.4775011539459,578.384751081467,0,2,22.5,0.25,0,0,0.75,5.5,0.25,6.25,22.5,0.5,35,0,0,0,3.5,115
"359","c_3_block2_bottom_2012","2012","c_3_block2_bottom",97.4775011539459,578.384751081467,1,0.75,3.5,0.75,0,0,8.75,7.5,0,1.25,20,0.5,32.5,0,0,0,1,100.75
"360","c_3_block2_top_2012","2012","c_3_block2_top",97.4775011539459,578.384751081467,1.75,1.5,32.5,0.75,0,0,1.25,0,3,5.5,25,0.5,20,0,0,1,2,122
"361","c_1_block1_bottom_2013","2013","c_1_block1_bottom",477.286890037562,570.387389429117,0.25,1.75,5,0,1,0,0.75,7.5,0,2,32.5,0.5,13.75,2.25,0,2.25,2,106
"362","c_1_block1_top_2013","2013","c_1_block1_top",477.286890037562,570.387389429117,0,1.25,4.25,0,0,0,0,10,0,1.25,35,0.25,20,0,0,0,1.75,104.25
"363","c_1_block2_bottom_2013","2013","c_1_block2_bottom",477.286890037562,570.387389429117,0,1.5,2.75,0,0.5,0,1.25,6.25,0,2,37.5,0.75,27.5,2.5,0,0.75,1.75,103.75
"364","c_1_block2_top_2013","2013","c_1_block2_top",477.286890037562,570.387389429117,0.25,1.25,1.25,0,0,0,0,8.75,0,1.5,40,2.5,17.5,1.25,0,0,2,106.75
"365","c_2_block1_bottom_2013","2013","c_2_block1_bottom",477.286890037562,570.387389429117,0.5,0,8.75,0,0,0,1,6,0,2,31.25,7.5,8,5,0,0,0.5,106
"366","c_2_block1_top_2013","2013","c_2_block1_top",477.286890037562,570.387389429117,0,1,20,0,0,0,1,20,0,1.75,40,2.25,8,0,0,0,0.25,118
"367","c_2_block2_bottom_2013","2013","c_2_block2_bottom",477.286890037562,570.387389429117,0.75,0,1.75,0,0,0,11.25,6.75,0,0.5,22.5,11.25,16.25,1.25,0,0,0.5,102.75
"368","c_2_block2_top_2013","2013","c_2_block2_top",477.286890037562,570.387389429117,0.5,0,7.5,0.25,0,0,15,17.5,0,1,18,6.25,7.5,0,0,0,0.75,108.5
"369","c_3_block1_bottom_2013","2013","c_3_block1_bottom",477.286890037562,570.387389429117,0.75,0,12.5,0.75,0,0,15,2.25,0,0.75,30,4.75,15,5,0,0,1.5,112.75
"370","c_3_block1_top_2013","2013","c_3_block1_top",477.286890037562,570.387389429117,0,0.5,52.5,0,0,0,1,6.25,2.5,6,16.25,2.25,4.75,0,0,0,6.25,106
"371","c_3_block2_bottom_2013","2013","c_3_block2_bottom",477.286890037562,570.387389429117,1,0,20,0,0,0,20,4.25,0,1.25,25,4.75,12.5,2.5,0,0,2.5,116
"372","c_3_block2_top_2013","2013","c_3_block2_top",477.286890037562,570.387389429117,0.25,1,47.5,0,0,0,0.5,0.5,10,11,17.5,1.5,2.75,0,0,0.5,2.25,111.5
"373","c_1_block1_bottom_2014","2014","c_1_block1_bottom",55.7897499576211,292.046999849379,0,1,2.75,0,1.5,1,0.25,8,0,2,4.25,0,18.75,0.5,0,2,1,112.5
"374","c_1_block1_top_2014","2014","c_1_block1_top",55.7897499576211,292.046999849379,0.75,2.75,1.5,0,0,0.25,0,11.25,0,2.25,11.25,0,27.5,0,0,0,1,101.5
"375","c_1_block2_bottom_2014","2014","c_1_block2_bottom",55.7897499576211,292.046999849379,0.75,1.75,2.75,0,0.5,0,0.5,12.5,0,2,6.75,0,30,0.5,0,0.25,1.5,101.5
"376","c_1_block2_top_2014","2014","c_1_block2_top",55.7897499576211,292.046999849379,0.25,1.5,0.75,0,0,0.5,0.5,20,0,2.5,9.25,0,15,1.25,0,0,2,104.5
"377","c_2_block1_bottom_2014","2014","c_2_block1_bottom",55.7897499576211,292.046999849379,0,3.5,2.25,0.5,0,0.5,0,25,0,1.5,1.25,0.25,10,8.75,0,0,0,104.5
"378","c_2_block1_top_2014","2014","c_2_block1_top",55.7897499576211,292.046999849379,0,2.75,4.25,0,0.25,0,0.75,32.5,0,2.25,2.5,0,21.25,0,0,0,0.75,103.75
"379","c_2_block2_bottom_2014","2014","c_2_block2_bottom",55.7897499576211,292.046999849379,0.5,0.75,0,0.5,0,0,4,25,0,1,2.5,0.25,15,0,0,0.5,1,101.25
"380","c_2_block2_top_2014","2014","c_2_block2_top",55.7897499576211,292.046999849379,0.25,0,6,0,0,0.25,4.25,11.25,0,1.25,4.25,0,17.5,0,0,0,0.5,100.75
"381","c_3_block1_bottom_2014","2014","c_3_block1_bottom",55.7897499576211,292.046999849379,0.5,0,8.75,0,0,0.25,12.5,1.5,0,1.25,6.25,0,15,5,0,0.25,2.25,103.5
"382","c_3_block1_top_2014","2014","c_3_block1_top",55.7897499576211,292.046999849379,0,0.5,25,0,0,0,2.25,6,0.5,6.25,10,0.25,11.25,0,0,0,7.5,102.5
"383","c_3_block2_bottom_2014","2014","c_3_block2_bottom",55.7897499576211,292.046999849379,0,0.75,12.5,0.5,0,0.25,16.25,2.5,0,1.25,8,0.25,15,5,0,0,2.25,103.5
"384","c_3_block2_top_2014","2014","c_3_block2_top",55.7897499576211,292.046999849379,0.75,0.5,15,0,0,0,1,2.5,13.75,6.75,3.75,0.25,8.75,0,0,0.5,4.25,109
"385","c_1_block1_bottom_2015","2015","c_1_block1_bottom",444.717249751091,589.223501682281,0.25,0.5,1.5,5.5,5.25,0,2.75,11.25,0,1.5,0.5,0.5,30,8.75,0,1.75,6.75,113
"386","c_1_block1_top_2015","2015","c_1_block1_top",444.717249751091,589.223501682281,0,1,1.25,0,0.25,0.25,1.25,20,0,1.5,3.5,2,52.5,0.75,0,0,11.25,115.75
"387","c_1_block2_bottom_2015","2015","c_1_block2_bottom",444.717249751091,589.223501682281,0.25,0.5,2,0,2,0,0.75,13.75,0,2,3.25,0.75,52.5,4,0,0,3.5,108.75
"388","c_1_block2_top_2015","2015","c_1_block2_top",444.717249751091,589.223501682281,0.25,0.5,1.25,0,1.25,0.25,3.5,25,0,2,0.75,2.75,40,1.5,0,0,7.5,108.75
"389","c_2_block1_bottom_2015","2015","c_2_block1_bottom",444.717249751091,589.223501682281,0,0,4.25,1.75,0,0.5,1.5,16.25,0,0.75,3,3.25,27.5,3,0,0,9.25,100.75
"390","c_2_block1_top_2015","2015","c_2_block1_top",444.717249751091,589.223501682281,0.25,0.75,3.5,0,0,0,2,32.5,0,1,0,2.25,35,0.5,0,0,3.5,104
"391","c_2_block2_bottom_2015","2015","c_2_block2_bottom",444.717249751091,589.223501682281,0,0,0.25,0.5,0,0,17.5,10,0,0.75,0.5,8.75,37.5,1.25,0,0,3.5,103
"392","c_2_block2_top_2015","2015","c_2_block2_top",444.717249751091,589.223501682281,0.25,0,4.75,1.5,0,0,20,7.5,0,0.5,0.5,5.5,32.5,1.25,0,0,3.5,102.75
"393","c_3_block1_bottom_2015","2015","c_3_block1_bottom",444.717249751091,589.223501682281,0,0,11.75,0,0,1.5,17.5,2.5,0,1,2.5,0.75,17.5,7.5,0,0,5.5,101.25
"394","c_3_block1_top_2015","2015","c_3_block1_top",444.717249751091,589.223501682281,0,0,15,0.25,0,0.25,6.75,16.25,1.25,4.25,2,1.5,27.5,0,0,0,20,103.25
"395","c_3_block2_bottom_2015","2015","c_3_block2_bottom",444.717249751091,589.223501682281,0.25,0,3.5,1.25,0,5.5,32.5,0.5,0.25,1.5,1.25,1,22.5,3.75,0,0,6.75,104.25
"396","c_3_block2_top_2015","2015","c_3_block2_top",444.717249751091,589.223501682281,0,0.5,15,0,0,0.75,2.5,3.5,26.25,7.5,1,1,13,1.25,0,0.5,8.75,102
"397","c_1_block1_bottom_2016","2016","c_1_block1_bottom",243.034496276872,705.135243862169,0,1.5,2.75,11.25,5.5,0,4.75,6,0,6.25,0,1.75,22.5,13.75,0,4,6.25,107.75
"398","c_1_block1_top_2016","2016","c_1_block1_top",243.034496276872,705.135243862169,0,4.25,2,2.5,1,3.25,2,7.5,0,6.25,1,6,32.5,0.5,0,0.25,20,103
"399","c_1_block2_bottom_2016","2016","c_1_block2_bottom",243.034496276872,705.135243862169,0,4,2.5,2.5,4,0,2.75,3.5,0,11.25,2.5,1.5,37.5,8.75,0,0.5,5,101.75
"400","c_1_block2_top_2016","2016","c_1_block2_top",243.034496276872,705.135243862169,0,2,1.75,0.25,2.75,1,6,8.75,0,4.25,1.25,15,37.5,1.25,0,0,7.5,102.5
"401","c_2_block1_bottom_2016","2016","c_2_block1_bottom",243.034496276872,705.135243862169,0,3.5,8.5,8.25,0,0.5,6.25,4.25,0.25,2,0.5,13,22.5,7.5,0,0,1.5,107
"402","c_2_block1_top_2016","2016","c_2_block1_top",243.034496276872,705.135243862169,0,2,6.25,0.5,0,0.25,9.25,6.25,0,6.25,0.75,4.75,32.5,0,0,0,2.75,101.5
"403","c_2_block2_bottom_2016","2016","c_2_block2_bottom",243.034496276872,705.135243862169,0,1,0,15.5,0,0,17.5,2.25,0.75,1,0.5,17.5,22.5,1.25,0,0,2,105.75
"404","c_2_block2_top_2016","2016","c_2_block2_top",243.034496276872,705.135243862169,0,0.25,3.5,14.25,0,0,25,1,0,1.5,0.5,17.5,17.5,0,0,0,3.5,107.75
"405","c_3_block1_bottom_2016","2016","c_3_block1_bottom",243.034496276872,705.135243862169,0,0.5,8.75,0,0,5.5,37.5,1.75,0.5,4.25,0.5,2.75,10,7.5,0,0,2.5,102.75
"406","c_3_block1_top_2016","2016","c_3_block1_top",243.034496276872,705.135243862169,0.25,1.25,12.5,2.5,0,1.25,12.5,10.5,1,18.75,1.25,10,20,0,0,0,1.5,100
"407","c_3_block2_bottom_2016","2016","c_3_block2_bottom",243.034496276872,705.135243862169,0,1,2.75,3.75,0,5,45,1,0.5,2.75,0.5,8,13.75,6.25,0,0,1.5,107.75
"408","c_3_block2_top_2016","2016","c_3_block2_top",243.034496276872,705.135243862169,0.25,0.5,8,0,0,6.25,13.75,5,21.25,17.5,0.5,7.5,11.25,1.25,0,0,1,110
"409","c_1_block1_bottom_2017","2017","c_1_block1_bottom",296.998498916626,999.544248580933,0,0.5,15,11.25,2,0,5,4,0,16.25,0,1,18.75,11.75,0,1.75,7.5,113.75
"410","c_1_block1_top_2017","2017","c_1_block1_top",296.998498916626,999.544248580933,0,2.25,22.5,10,0.75,8.5,5.5,5,0,11.25,0.5,7.5,17.5,0.5,0,0,17.5,116.25
"411","c_1_block2_bottom_2017","2017","c_1_block2_bottom",296.998498916626,999.544248580933,0,1.25,16.25,8.25,1,0,12.5,4.25,0,12.5,0.5,6.75,25,6.25,0,0,9.25,118.75
"412","c_1_block2_top_2017","2017","c_1_block2_top",296.998498916626,999.544248580933,0,0.75,7.5,1,0.25,4.75,13.75,17.5,0,1.75,0,25,25,1.25,0,0,5.5,114.75
"413","c_2_block1_bottom_2017","2017","c_2_block1_bottom",296.998498916626,999.544248580933,0.5,0.75,32.5,10.5,0,0.5,10,0.25,0,5,0.25,6.75,10,10.5,6.25,0,0,110.5
"414","c_2_block1_top_2017","2017","c_2_block1_top",296.998498916626,999.544248580933,0,0.5,27.5,14.25,0.25,0,17.5,0.75,0,6.25,0,10,22.5,0,3.75,0,0.5,121.25
"415","c_2_block2_bottom_2017","2017","c_2_block2_bottom",296.998498916626,999.544248580933,0,0.25,3.5,27.5,0,0,30,0.25,0,1.5,0.5,22.5,10,1.25,0,0,1,113.5
"416","c_2_block2_top_2017","2017","c_2_block2_top",296.998498916626,999.544248580933,0,0,27.5,14.25,0,0,27.5,0.5,0,2.25,0,9,7.5,0,7.5,0,0.5,119
"417","c_3_block1_bottom_2017","2017","c_3_block1_bottom",296.998498916626,999.544248580933,0,3.5,22.5,3,0,4.25,35,2.5,0.5,11.25,1.25,2.25,10,0,7.5,0.5,0.5,119.5
"418","c_3_block1_top_2017","2017","c_3_block1_top",296.998498916626,999.544248580933,0,5.75,30,3.75,0.25,3,15.5,2.25,3.75,6.75,1.25,1.25,7.5,0,10,1,0.5,119.25
"419","c_3_block2_bottom_2017","2017","c_3_block2_bottom",296.998498916626,999.544248580933,0,0,8.75,1.75,0,7.5,55,1,2.25,4,1,3.5,4.25,0,3.75,0,0.5,109.25
"420","c_3_block2_top_2017","2017","c_3_block2_top",296.998498916626,999.544248580933,0.25,1,11.25,0,0.75,8,5.5,3.25,47.5,3.5,1.25,2.75,1.5,0,25,1.25,0,133.25
"421","c_1_block1_bottom_2018","2018","c_1_block1_bottom",113.697251111269,485.869503051043,0,0.75,25,7.5,0,0,3,0,0,8,0,0,8.5,2.5,0,2,2.25,111.75
"422","c_1_block1_top_2018","2018","c_1_block1_top",113.697251111269,485.869503051043,0,0.5,42.5,17.5,0.25,4.25,1.5,1,0,20,0,0.5,2,2,0,0,0.25,111.25
"423","c_1_block2_bottom_2018","2018","c_1_block2_bottom",113.697251111269,485.869503051043,0,2.5,35,8,0,2.25,11.25,0,0.75,15,0,1.5,4.75,6.75,0,0,4.75,117.75
"424","c_1_block2_top_2018","2018","c_1_block2_top",113.697251111269,485.869503051043,0,1.75,35,10,0,4.25,15,1,0,15,0,0.75,3.5,2.25,0,0,3.5,120.5
"425","c_2_block1_bottom_2018","2018","c_2_block1_bottom",113.697251111269,485.869503051043,0,0.25,55,3,0,0.5,2.75,0,0,3.5,0,0,2,5.25,0,0,0,101
"426","c_2_block1_top_2018","2018","c_2_block1_top",113.697251111269,485.869503051043,0,0.25,65,6.25,0,0,5.5,0,0,6.75,0,0,2.5,0,0,0,0,103
"427","c_2_block2_bottom_2018","2018","c_2_block2_bottom",113.697251111269,485.869503051043,0.25,0,17.5,13.75,0,1.25,20,0,0,0.5,0.5,0.5,1.25,3.75,0,0,0,100.75
"428","c_2_block2_top_2018","2018","c_2_block2_top",113.697251111269,485.869503051043,0,0,40,3.5,0,0,9.75,2.25,0,4,0,0,14.25,0,0,0,0,104.25
"429","c_3_block1_bottom_2018","2018","c_3_block1_bottom",113.697251111269,485.869503051043,0,0,42.5,6.75,0,0.5,25,0.25,0,10,1,0,2,0,0,0,0.5,104
"430","c_3_block1_top_2018","2018","c_3_block1_top",113.697251111269,485.869503051043,0,1.25,27.5,0.5,0,3.5,45,2.25,0.5,8.75,2,0,6.75,0.5,0,0,0.5,113.75
"431","c_3_block2_bottom_2018","2018","c_3_block2_bottom",113.697251111269,485.869503051043,0.25,0,28.75,8.75,0,0,37.5,0,0,3,0.5,0.5,2,7.5,0,0,1,104.5
"432","c_3_block2_top_2018","2018","c_3_block2_top",113.697251111269,485.869503051043,0,0.5,32.5,3,0,1.75,40,1,0,3.5,1.5,0.5,2,0,0,0,1.5,103.5
"433","c_1_block1_bottom_2019","2019","c_1_block1_bottom",169.091750557971,754.862754281115,0,1.75,37.5,10,0,0,1.75,0,0,25,0,0,2,2.5,0,2.5,0.25,102
"434","c_1_block1_top_2019","2019","c_1_block1_top",169.091750557971,754.862754281115,0.25,0.25,42.5,3.5,0,0.75,0,0,0,35,0,0,2,1.25,0,0,0,103.5
"435","c_1_block2_bottom_2019","2019","c_1_block2_bottom",169.091750557971,754.862754281115,0,1,42.5,4.5,0,0.25,4.25,0,1.75,27.5,0,0.5,2,5,0,0,0.5,104.75
"436","c_1_block2_top_2019","2019","c_1_block2_top",169.091750557971,754.862754281115,0,1,62.5,5.5,0,1.25,7.5,0.25,0,17.5,0,0.25,2,2.5,0,0,0.5,109.5
"437","c_2_block1_bottom_2019","2019","c_2_block1_bottom",169.091750557971,754.862754281115,0.25,1.75,57.5,7.5,0,1.25,1.5,0,1.75,6.25,0,0,3.5,0.5,0,0.25,0.5,122
"438","c_2_block1_top_2019","2019","c_2_block1_top",169.091750557971,754.862754281115,0,1.5,55,11.25,0,0.25,1.5,0.5,0,27.5,0,0,4,0,0,0,1,128.5
"439","c_2_block2_bottom_2019","2019","c_2_block2_bottom",169.091750557971,754.862754281115,0,0.75,32.5,10.5,0,5.75,16.25,0.25,0,3,0.25,0.5,4.25,1.75,0,0,1.5,112.5
"440","c_2_block2_top_2019","2019","c_2_block2_top",169.091750557971,754.862754281115,0,1.75,60,20,0.25,0.5,7.25,1,0,17.5,0,0.25,2.75,0,0,0,0.5,129.25
"441","c_3_block1_bottom_2019","2019","c_3_block1_bottom",169.091750557971,754.862754281115,0.75,1.5,22.5,5.5,0,3.5,35,0.75,4.75,27.5,0,0.75,2,0.25,0,0.25,2,124.25
"442","c_3_block1_top_2019","2019","c_3_block1_top",169.091750557971,754.862754281115,0.75,2.75,30,4.75,0.5,3.5,5.5,0.5,16.75,17.5,0,0,2.5,0,0,0.75,1,115.5
"443","c_3_block2_bottom_2019","2019","c_3_block2_bottom",169.091750557971,754.862754281115,0.25,1.5,20,0.5,0,8.75,30,2.25,7.5,13.75,0.5,0.75,2,0,0,0,0,109.75
"444","c_3_block2_top_2019","2019","c_3_block2_top",169.091750557971,754.862754281115,0.25,0.75,10,0,0,5.5,3,0.5,50,12.5,0,1.75,1.5,0,0,13,0.25,113.5
"445","c_1_block1_bottom_2021","2021","c_1_block1_bottom",74.7319998092717,275.933970595128,0,1,26.25,7.5,0.75,0,0,0,0,4.25,0,0,2,0.5,13.75,2,1,145
"446","c_1_block1_top_2021","2021","c_1_block1_top",74.7319998092717,275.933970595128,0.25,0.75,27.5,3.5,0.5,2.75,0.25,0.25,0,7.5,0,0,2,0.75,32.5,0.25,0.25,127.25
"447","c_1_block2_bottom_2021","2021","c_1_block2_bottom",74.7319998092717,275.933970595128,0,1.75,32.5,4.25,0.75,0.25,1.5,0.25,6.75,10,0.25,0,2.75,0.5,13.75,0.25,0.75,131.75
"448","c_1_block2_top_2021","2021","c_1_block2_top",74.7319998092717,275.933970595128,1.75,0.25,50,2.25,0,2,1,0.25,0.5,7.5,0,0,2.75,2.5,27.5,0,0.25,106.25
"449","c_2_block1_bottom_2021","2021","c_2_block1_bottom",74.7319998092717,275.933970595128,0.5,1.5,37.5,6.25,0,5.5,2.25,0.75,10.5,1.75,0,0,11.75,0,62.5,0.25,1,174.25
"450","c_2_block1_top_2021","2021","c_2_block1_top",74.7319998092717,275.933970595128,0,0.25,35,6,0,0.5,0.5,1.25,0.25,11.25,0,0,7.25,0,57.5,0,1,158.5
"451","c_2_block2_bottom_2021","2021","c_2_block2_bottom",74.7319998092717,275.933970595128,1,0.5,11.25,15.5,0,5.5,25,1,1,1.75,1,0.25,17.5,1,28.75,0,7.25,139.25
"452","c_2_block2_top_2021","2021","c_2_block2_top",74.7319998092717,275.933970595128,0,1,30,8.75,0,0.5,0.5,1.25,1.75,6.75,0.5,0,6.75,0.5,40,0,1.25,183.75
"453","c_3_block1_bottom_2021","2021","c_3_block1_bottom",74.7319998092717,275.933970595128,3,0.5,15,10,0,6.25,13.75,0.5,37.5,11.25,1.25,0.75,13.75,0,52.5,0,1,209
"454","c_3_block1_top_2021","2021","c_3_block1_top",74.7319998092717,275.933970595128,2,1.5,9.25,4.75,0,4.75,6,0,32.5,11.25,1,0,3.5,0,25,0.75,0,177
"455","c_3_block2_bottom_2021","2021","c_3_block2_bottom",74.7319998092717,275.933970595128,1.75,0,11.25,1.5,0,7.5,13.75,0,52.5,9.75,1.5,0,11.25,0.25,60,0.25,0.25,189.25
"456","c_3_block2_top_2021","2021","c_3_block2_top",74.7319998092717,275.933970595128,0.5,1.5,1,0,0.25,2.5,0,0,57.5,4.75,0,0.5,0.75,0,37.5,2,0,177.25
"457","c_1_block1_bottom_2022","2022","c_1_block1_bottom",412.182219836861,504.162991974503,0,1.5,15,28.75,1.75,0,0,0,0.75,2.25,0,0,3.5,2.5,40,1,1.5,114
"458","c_1_block1_top_2022","2022","c_1_block1_top",412.182219836861,504.162991974503,1.5,2.75,22.5,13.75,0.25,1.25,0.5,0,2,6.5,1,0,4.75,0.5,52.5,0,2,118
"459","c_1_block2_bottom_2022","2022","c_1_block2_bottom",412.182219836861,504.162991974503,1.5,2.25,10,10,1.25,0.25,1.25,0.5,8.75,2,1.25,0,6,0,50,0.25,1,110
"460","c_1_block2_top_2022","2022","c_1_block2_top",412.182219836861,504.162991974503,2.5,0,13,13.75,0,1.25,1.25,1.5,1,2,1.5,0,4.75,1.25,75,0.25,1.5,128.25
"461","c_2_block1_bottom_2022","2022","c_2_block1_bottom",412.182219836861,504.162991974503,1,0.75,13.75,7.5,0.25,1.5,2.75,2.75,7.25,2,1.5,0.25,11.75,1.25,75,0,1.5,142.25
"462","c_2_block1_top_2022","2022","c_2_block1_top",412.182219836861,504.162991974503,1,1.5,21.25,6.25,0.25,1.5,1.75,5.5,2,2.75,0.75,0.25,10.5,0,67.5,0,1.5,140
"463","c_2_block2_bottom_2022","2022","c_2_block2_bottom",412.182219836861,504.162991974503,3.25,0.5,2.75,15,0,6.75,30,2.25,1.75,1,5,0.75,40,1.5,18.75,0,1.75,149.5
"464","c_2_block2_top_2022","2022","c_2_block2_top",412.182219836861,504.162991974503,2.75,0.75,8.5,20,0,1,3.5,3.5,8.75,3.5,9.75,0,16.25,0,32.5,0,2.75,134
"465","c_3_block1_bottom_2022","2022","c_3_block1_bottom",412.182219836861,504.162991974503,1,0.25,6.75,15,0,4.75,3.75,0.25,42.5,4.25,0.75,1.5,21.25,0.5,47.5,0,0,160.75
"466","c_3_block1_top_2022","2022","c_3_block1_top",412.182219836861,504.162991974503,5,2.75,4,8.75,0,8,5.5,0.25,40,7.5,1,0,12.5,0,27.5,0.25,0.5,141.25
"467","c_3_block2_bottom_2022","2022","c_3_block2_bottom",412.182219836861,504.162991974503,1.5,0,4.75,0.75,0,7.5,6.75,0.5,47.5,3.5,2,0.75,27.5,0,50,0,0,161.75
"468","c_3_block2_top_2022","2022","c_3_block2_top",412.182219836861,504.162991974503,1,0.5,2,0,2.5,11.25,0,0,62.5,3.5,0.25,0,0.75,0,37.5,0.75,0,142
"469","c_1_block1_bottom_2023","2023","c_1_block1_bottom",358.537060506642,1141.01392377168,0.75,2.25,10,27.5,6.25,0,1,0,6.75,7.5,0.25,0,10,0.5,4.75,2.25,1,117.5
"470","c_1_block1_top_2023","2023","c_1_block1_top",358.537060506642,1141.01392377168,1.5,4,12.5,47.5,0,1.75,1,0.75,7.25,8.75,1.25,0,13.75,0.5,3.75,0,1,120
"471","c_1_block2_bottom_2023","2023","c_1_block2_bottom",358.537060506642,1141.01392377168,1.75,2.75,8,30,0.25,0.5,4.25,0.25,22.5,5,1.5,5,17.5,0,4.75,0.25,0,121.25
"472","c_1_block2_top_2023","2023","c_1_block2_top",358.537060506642,1141.01392377168,4,0.75,8,37.5,0,0.75,3,0.25,4.75,4.25,2.25,0,12.5,2.5,6,0,0.5,105.5
"473","c_2_block1_bottom_2023","2023","c_2_block1_bottom",358.537060506642,1141.01392377168,2,1.25,2,16.25,0.25,8,1,2.25,37.5,1.75,0.75,0,20.5,2,17.5,0,0.5,135
"474","c_2_block1_top_2023","2023","c_2_block1_top",358.537060506642,1141.01392377168,1.75,1.5,12.5,40,0.75,5.5,1.75,4.75,3.5,7.5,1.75,0,20,0,15,0,2.5,149
"475","c_2_block2_bottom_2023","2023","c_2_block2_bottom",358.537060506642,1141.01392377168,2.75,1.5,1.25,20,0.25,6.25,17.5,1.75,2.75,2.5,2.75,0,32.5,1.5,4.25,0,2.75,134.25
"476","c_2_block2_top_2023","2023","c_2_block2_top",358.537060506642,1141.01392377168,2.75,2,4,42.5,0,0.75,8,5.5,11.75,5,4,0,20,2.5,10,0,2.75,151.5
"477","c_3_block1_bottom_2023","2023","c_3_block1_bottom",358.537060506642,1141.01392377168,1,0.75,2,18.75,0,2,5.5,0.75,37.5,4.75,0,1.75,15.5,1.25,20,0,0,128.5
"478","c_3_block1_top_2023","2023","c_3_block1_top",358.537060506642,1141.01392377168,1.5,2.25,2.75,11.25,0.25,2.5,8.75,0,47.5,8.75,2.5,0,13.75,0,11.75,1.25,0,130.25
"479","c_3_block2_bottom_2023","2023","c_3_block2_bottom",358.537060506642,1141.01392377168,1,1,2,3,0,7.5,6.5,0,40,4.75,2,0,25,0,30,0.25,0,143
"480","c_3_block2_top_2023","2023","c_3_block2_top",358.537060506642,1141.01392377168,0.5,1,2,1,6,5.5,1.25,0,50,4.25,0,0,1.5,0,22.5,6.25,0,130.75
